song_id,bpm,energy,danceability,db,liveness,valence,length,acousticness,speechiness,popularity
0,157,30,53,-14,11,68,201,94,3,71
1,135,79,50,-11,17,81,207,17,7,39
2,168,69,66,-9,7,52,341,2,17,69
3,173,96,43,-4,3,37,269,0,4,76
4,106,82,58,-5,10,87,256,1,3,59
5,99,46,54,-9,14,14,247,0,2,45
6,102,71,71,-6,13,54,257,6,3,74
7,137,96,37,-5,12,21,366,0,14,69
8,148,92,36,-4,10,23,223,0,8,77
9,112,67,91,-3,24,66,290,0,7,82
10,109,5,44,-16,11,31,162,88,4,49
11,124,46,74,-8,26,32,232,1,8,74
12,102,88,54,-6,53,59,214,2,3,34
13,117,93,38,-2,81,40,639,18,10,26
14,112,81,65,-5,14,82,173,0,3,66
15,133,42,42,-10,16,25,236,84,4,48
16,123,90,52,-7,7,36,288,0,6,69
17,127,54,38,-5,9,19,276,2,3,57
18,87,31,27,-13,63,12,352,1,3,46
19,74,65,62,-7,10,56,288,57,18,74
20,138,42,21,-9,11,12,296,16,3,81
21,142,51,60,-10,11,35,218,5,4,67
22,96,89,63,-6,9,81,176,5,3,55
23,138,99,51,-3,12,65,197,0,9,69
24,112,74,65,-7,23,52,261,18,3,16
25,130,48,55,-8,10,18,270,48,3,50
26,123,68,53,-4,12,55,298,0,4,56
27,148,76,91,-5,8,87,298,7,17,71
28,142,24,34,-11,12,19,259,92,4,48
29,154,70,68,-10,33,51,306,8,3,59
30,146,44,56,-7,11,21,310,73,2,84
31,181,59,56,-9,20,68,306,32,3,57
32,80,47,62,-6,11,33,211,31,3,63
33,88,20,73,-12,7,62,186,88,3,74
34,122,87,64,-3,29,45,185,49,12,72
35,119,53,68,-12,8,68,264,34,4,44
36,156,79,29,-6,8,51,290,0,4,75
37,152,81,32,-7,15,12,202,8,5,40
38,168,60,58,-6,48,65,263,0,5,72
39,72,21,46,-11,11,26,266,91,3,42
40,118,82,67,-9,5,78,629,3,8,59
41,138,64,71,-10,19,10,177,0,9,53
42,105,68,28,-9,14,49,237,0,4,74
43,186,99,38,-2,37,77,176,0,6,78
44,100,85,58,-5,9,58,197,11,3,65
45,168,57,38,-5,35,26,278,4,3,56
46,115,46,83,-10,70,88,331,48,6,43
47,75,64,37,-6,17,20,355,0,3,65
48,131,72,64,-7,14,80,213,1,4,67
49,76,77,46,-5,14,35,234,1,3,51
50,108,35,47,-11,8,28,216,72,3,69
51,194,43,35,-11,10,26,275,16,3,52
52,90,26,43,-13,9,27,259,95,5,69
53,122,77,30,-3,12,9,467,0,3,52
54,149,30,33,-7,11,14,243,78,3,67
55,92,76,52,-5,57,63,219,42,3,43
56,96,60,53,-6,11,35,305,0,2,57
57,123,59,48,-5,18,20,218,27,5,44
58,99,70,69,-6,16,48,214,22,3,77
59,124,59,47,-8,28,18,236,42,3,38
60,132,41,62,-14,10,51,215,7,3,32
61,86,56,44,-7,25,70,144,35,3,47
62,166,75,70,-9,19,91,195,13,10,48
63,176,74,66,-7,22,91,240,66,8,70
64,99,87,55,-6,17,54,234,1,3,77
65,103,86,63,-7,7,73,357,21,5,63
66,92,69,76,-5,57,73,297,3,5,56
67,105,73,68,-8,14,94,281,11,2,59
68,136,43,28,-7,6,7,219,28,3,55
69,81,65,50,-7,33,57,273,22,4,64
70,77,18,55,-11,11,9,212,89,3,73
71,171,58,51,-5,37,67,279,3,6,65
72,183,44,56,-8,12,44,288,29,3,58
73,178,68,30,-8,43,77,249,83,25,46
74,139,48,52,-8,9,46,247,3,3,67
75,131,80,75,-5,42,37,281,24,5,55
76,101,24,42,-11,19,30,229,82,5,58
77,110,96,43,-4,17,56,186,0,4,57
78,104,92,66,-6,61,46,229,38,17,30
79,159,67,43,-6,14,38,394,9,3,45
80,160,71,50,-8,43,33,375,8,5,45
81,88,32,52,-11,9,18,226,33,2,48
82,83,25,42,-14,11,21,219,84,3,70
83,79,60,56,-7,38,44,210,18,3,58
84,105,91,46,-4,36,61,258,2,6,72
85,160,85,55,-8,32,46,283,2,4,42
86,120,76,70,-5,13,68,210,12,6,42
87,100,55,59,-12,11,64,264,47,3,43
88,115,67,72,-12,5,65,231,6,4,43
89,145,91,38,-4,24,27,266,0,9,65
90,110,35,39,-10,11,16,306,67,3,19
91,132,55,85,-5,8,81,219,15,4,74
92,128,40,40,-9,9,22,240,3,3,49
93,130,70,52,-7,13,35,268,4,4,41
94,157,93,23,-5,93,28,403,29,17,32
95,160,74,27,-5,63,42,321,5,4,75
96,106,84,70,-5,12,89,219,0,5,62
97,61,13,27,-14,33,18,232,94,4,38
98,92,90,50,-7,15,67,275,1,6,30
99,112,81,53,-4,16,21,306,0,3,39
100,105,86,56,-6,21,40,217,1,6,83
101,104,44,29,-7,8,16,207,79,3,44
102,136,80,67,-5,6,79,211,1,3,56
103,162,62,32,-6,60,36,308,3,3,40
104,160,61,36,-6,11,49,237,54,4,58
105,93,37,48,-8,12,14,216,74,3,75
106,107,79,69,-4,58,75,206,6,17,75
107,101,69,62,-7,6,56,208,28,3,47
108,103,86,70,-4,10,89,298,2,3,72
109,122,49,35,-7,21,21,273,47,3,41
110,177,76,58,-6,25,66,201,16,12,74
111,94,84,52,-4,10,46,215,0,3,54
112,122,74,64,-4,10,36,263,27,4,80
113,68,72,60,-4,35,37,242,8,3,59
114,171,74,69,-5,36,6,326,1,26,77
115,75,67,30,-5,15,68,306,3,5,59
116,109,42,35,-8,10,27,199,30,3,51
117,123,72,82,-9,36,69,225,4,14,71
118,137,72,28,-5,20,17,231,1,4,76
119,129,82,53,-7,12,34,231,7,4,64
120,193,58,43,-5,19,27,193,4,30,70
121,85,76,37,-9,58,64,302,22,5,62
122,138,44,46,-9,10,15,294,66,3,39
123,79,36,53,-7,9,40,238,53,2,70
124,120,60,85,-12,19,87,433,6,4,44
125,99,77,65,-7,7,68,236,0,23,75
126,130,94,37,-5,19,37,256,0,7,75
127,125,41,67,-8,10,50,238,84,3,68
128,136,85,58,-6,79,58,302,53,5,42
129,126,95,51,-5,30,63,324,0,6,56
130,96,64,59,-10,9,49,256,9,3,58
131,119,38,52,-9,10,13,270,76,4,36
132,165,56,48,-6,18,54,154,32,3,67
133,58,40,25,-9,9,11,245,45,4,52
134,94,77,37,-6,9,42,248,18,7,59
135,103,81,71,-4,7,73,257,1,3,74
136,120,56,41,-11,16,16,311,1,3,63
137,91,63,67,-12,10,86,245,1,5,54
138,128,37,61,-9,11,35,226,84,3,64
139,75,92,51,-5,40,31,272,1,9,60
140,128,77,74,-6,51,61,289,9,3,69
141,139,77,55,-9,13,42,253,0,3,63
142,93,77,52,-11,6,93,181,14,6,42
143,89,47,86,-9,27,84,184,0,5,74
144,115,97,60,-6,13,72,212,0,5,64
145,171,20,34,-11,11,30,197,76,3,43
146,141,30,71,-12,10,48,203,44,3,44
147,173,55,34,-8,12,36,280,33,4,54
148,131,72,49,-6,31,87,146,39,5,75
149,124,55,50,-7,9,63,196,68,3,62
150,96,38,54,-7,8,39,204,52,3,49
151,101,78,44,-5,29,19,602,1,4,38
152,124,46,56,-7,10,19,245,72,3,38
153,121,41,83,-14,5,88,324,46,13,44
154,126,17,33,-14,32,19,259,86,4,44
155,127,56,61,-6,4,24,297,18,3,64
156,97,55,62,-8,30,31,270,19,2,66
157,99,48,59,-10,9,15,353,64,2,39
158,138,93,55,-4,9,81,189,4,4,59
159,136,93,66,-6,70,46,212,46,16,58
160,92,57,62,-8,11,34,243,10,3,52
161,129,39,59,-14,7,15,423,13,6,46
162,129,72,61,-8,36,80,218,29,3,64
163,130,32,53,-17,97,46,281,53,8,41
164,128,91,60,-4,12,41,305,0,8,76
165,79,27,19,-9,13,10,263,86,4,74
166,98,69,67,-7,10,83,213,6,3,41
167,123,69,69,-5,9,49,212,39,3,73
168,104,29,66,-11,11,30,233,87,3,80
169,112,8,53,-16,11,31,135,92,5,50
170,100,19,48,-15,11,6,141,99,5,56
171,110,33,63,-9,11,47,193,74,3,56
172,100,63,61,-5,10,33,241,43,3,64
173,173,30,32,-13,70,44,264,77,3,75
174,80,72,51,-6,6,47,262,27,6,78
175,190,76,79,-7,10,49,346,3,24,46
176,164,76,50,-8,14,58,248,0,3,40
177,92,57,26,-8,11,15,319,4,3,47
178,91,59,56,-10,23,48,284,28,3,50
179,114,83,42,-5,16,61,501,1,4,49
180,98,62,66,-9,7,66,256,51,3,35
181,109,78,70,-8,6,39,289,9,5,70
182,133,20,34,-14,34,7,287,13,3,56
183,115,72,53,-6,11,59,324,0,3,44
184,92,95,66,-5,14,52,229,13,11,69
185,138,56,74,-10,8,98,170,11,4,49
186,159,99,24,-4,83,37,187,1,10,58
187,138,55,59,-8,29,50,171,0,3,26
188,136,97,41,-4,11,35,218,0,5,53
189,120,69,79,-4,14,22,243,8,3,59
190,131,71,78,-9,6,61,414,46,19,39
191,115,70,73,-8,6,41,252,0,3,52
192,105,66,95,-4,5,76,284,3,6,80
193,159,64,52,-5,17,32,272,39,2,52
194,170,61,45,-7,9,48,209,2,3,36
195,112,59,30,-10,63,40,364,57,5,59
196,92,38,57,-10,13,53,208,85,3,39
197,122,87,55,-4,21,32,240,0,3,73
198,147,93,51,-3,9,31,297,13,7,68
199,105,44,29,-7,10,45,246,91,3,59
200,130,41,61,-9,23,23,223,54,3,63
201,138,85,60,-6,6,9,235,1,6,58
202,115,61,67,-11,11,67,181,41,3,51
203,120,92,67,-4,9,78,212,5,4,73
204,166,57,32,-5,11,38,212,38,3,59
205,133,81,86,-8,12,85,161,31,4,49
206,125,92,52,-7,2,73,234,2,5,34
207,170,66,46,-9,33,53,274,3,6,72
208,127,66,66,-10,8,84,225,12,10,52
209,162,33,56,-11,11,30,236,90,3,67
210,170,54,51,-7,9,28,241,31,4,54
211,117,75,61,-9,39,97,394,1,3,49
212,105,81,55,-5,10,15,286,2,3,77
213,91,94,62,-3,17,88,269,2,5,80
214,180,66,50,-9,21,89,240,33,4,80
215,116,62,49,-7,13,8,269,2,3,51
216,129,59,93,-12,11,96,219,43,5,41
217,135,75,51,-7,14,28,236,0,3,47
218,123,63,65,-7,28,71,172,78,3,47
219,80,77,78,-4,52,51,404,4,24,75
220,76,57,46,-4,11,10,239,58,3,71
221,124,33,76,-10,24,24,246,73,3,75
222,142,48,57,-6,10,16,244,26,3,32
223,124,46,53,-10,20,22,291,8,3,32
224,144,34,64,-11,11,55,251,91,3,69
225,144,55,54,-7,13,23,239,5,2,75
226,186,87,34,-3,13,27,260,8,8,61
227,70,59,43,-6,9,25,259,46,3,45
228,174,6,35,-17,10,30,190,98,4,70
229,114,60,88,-11,14,96,201,28,4,53
230,115,55,54,-7,12,48,237,53,4,64
231,98,50,52,-11,11,66,242,16,3,46
232,130,71,66,-7,7,86,122,0,9,64
233,95,26,47,-11,12,27,232,82,4,55
234,179,47,33,-9,32,43,336,60,3,70
235,180,66,51,-7,12,46,228,3,4,79
236,90,25,52,-10,14,14,222,22,3,51
237,113,95,22,-4,16,17,176,0,18,62
238,94,70,83,-3,13,80,273,11,20,66
239,173,66,43,-7,23,28,267,0,3,82
240,95,88,62,-5,7,86,184,27,3,41
241,113,55,67,-8,9,29,287,74,3,70
242,94,70,63,-5,8,53,261,17,2,74
243,169,65,26,-7,12,34,288,0,4,43
244,104,86,54,-6,72,75,177,11,3,54
245,111,87,60,-5,11,44,215,3,3,30
246,83,63,41,-7,8,44,220,51,7,53
247,175,79,35,-5,38,80,231,16,4,33
248,111,57,70,-8,11,71,236,1,3,51
249,123,73,49,-3,10,34,240,12,4,77
250,128,52,64,-10,11,36,270,57,3,57
251,184,82,26,-6,28,40,403,2,15,53
252,174,78,68,-6,8,87,270,3,8,47
253,73,18,26,-10,12,11,319,84,3,57
254,118,84,59,-6,9,43,237,0,6,69
255,133,88,46,-3,11,33,247,0,6,47
256,139,77,53,-7,6,86,139,0,5,42
257,123,34,45,-9,10,21,269,96,4,59
258,150,93,24,-3,97,23,185,36,8,60
259,98,35,54,-9,13,16,274,32,3,30
260,110,87,51,-5,33,43,233,1,5,43
261,145,59,43,-5,30,19,227,6,3,70
262,110,86,50,-4,64,24,186,0,4,81
263,134,36,67,-9,8,29,242,57,3,76
264,174,96,49,-2,46,81,277,3,39,77
265,79,64,47,-6,15,50,260,15,3,77
266,184,44,27,-9,10,8,252,41,3,46
267,129,51,69,-10,46,89,125,63,3,71
268,133,72,87,-10,18,97,229,9,5,61
269,110,76,50,-6,9,33,287,7,3,53
270,105,90,43,-4,12,60,335,12,5,80
271,79,48,48,-7,10,22,213,60,3,46
272,67,13,47,-14,9,36,281,93,8,69
273,118,73,45,-7,29,38,228,0,4,50
274,143,74,71,-8,10,64,231,26,4,66
275,109,58,74,-12,5,78,260,12,5,64
276,100,78,60,-6,11,42,256,1,3,62
277,139,77,44,-4,11,20,346,0,3,60
278,149,88,18,-4,32,39,226,0,5,61
279,80,97,73,-2,18,97,235,10,7,79
280,112,78,58,-5,8,60,281,28,4,40
281,81,41,66,-9,16,37,386,60,3,43
282,130,49,95,-8,23,59,376,1,23,55
283,98,73,60,-7,14,29,264,1,3,72
284,205,47,38,-12,9,31,190,34,5,34
285,100,83,71,-5,6,97,243,39,4,66
286,134,88,63,-5,17,49,242,4,4,40
287,127,93,42,-4,13,29,210,0,12,80
288,68,47,35,-9,66,20,150,94,4,47
289,115,89,74,-4,9,96,203,8,5,64
290,125,74,69,-6,8,84,197,15,3,42
291,171,64,46,-6,19,29,229,25,6,62
292,103,95,54,-4,38,78,174,0,4,58
293,90,39,53,-8,9,16,217,65,3,75
294,116,88,74,-6,42,33,317,0,4,66
295,90,52,63,-6,35,43,249,11,3,68
296,141,92,58,-5,20,77,177,0,6,40
297,87,68,57,-8,18,67,268,36,3,38
298,136,98,54,-8,8,52,225,17,5,61
299,87,65,61,-8,5,79,259,23,5,52
300,179,54,29,-8,12,16,251,29,4,39
301,111,84,62,-5,18,26,343,26,4,71
302,131,96,62,-5,51,97,217,13,4,47
303,149,81,52,-4,12,53,192,0,3,42
304,128,30,48,-9,11,30,281,85,4,43
305,96,63,66,-10,60,84,215,21,6,53
306,135,80,56,-8,9,58,245,0,6,73
307,110,78,65,-5,22,57,137,14,3,63
308,78,14,26,-14,10,14,345,87,3,65
309,131,90,61,-7,17,39,209,18,4,57
310,138,62,49,-7,11,42,242,9,3,78
311,123,93,45,-4,36,17,303,0,7,76
312,138,84,47,-4,16,48,220,0,3,43
313,106,68,38,-9,18,65,136,6,3,63
314,170,68,44,-7,9,19,295,46,3,57
315,100,63,63,-12,4,87,245,4,7,77
316,140,82,42,-4,15,63,194,0,6,65
317,122,97,45,-5,10,20,217,3,11,74
318,74,63,46,-7,40,59,239,9,2,63
319,186,40,32,-9,22,23,296,63,4,35
320,81,56,37,-11,97,42,224,75,5,54
321,124,56,80,-10,6,96,204,9,4,72
322,108,75,62,-6,11,83,226,41,3,57
323,76,58,35,-8,12,11,223,6,4,61
324,150,81,49,-5,12,25,252,4,8,69
325,136,93,54,-6,36,45,246,1,5,63
326,164,54,78,-6,22,68,274,3,6,48
327,150,92,35,-2,34,54,226,0,5,53
328,87,78,36,-8,38,58,236,1,4,53
329,122,67,63,-7,28,48,298,64,3,43
330,130,70,79,-10,8,86,451,0,6,73
331,120,49,60,-7,12,9,270,50,3,72
332,72,87,43,-3,40,73,214,5,7,74
333,144,44,47,-11,32,31,281,60,4,52
334,151,46,69,-8,11,72,242,60,5,82
335,98,68,62,-6,8,41,190,35,2,59
336,117,18,54,-13,11,13,343,75,5,56
337,100,80,71,-6,8,63,259,1,4,76
338,135,77,47,-7,11,9,347,6,5,63
339,75,41,33,-7,10,7,276,61,3,41
340,114,30,70,-17,10,23,332,4,3,52
341,105,86,64,-7,87,47,250,23,7,52
342,146,40,38,-7,10,19,256,78,3,49
343,88,87,25,-4,12,13,268,5,5,56
344,104,59,56,-5,13,14,268,21,3,78
345,96,91,56,-2,35,73,282,2,4,76
346,114,89,59,-6,51,70,312,1,3,53
347,82,25,53,-16,12,34,197,52,3,61
348,82,48,68,-10,9,45,209,63,3,76
349,120,91,55,-4,35,54,224,3,5,77
350,171,48,26,-8,11,7,319,4,3,62
351,85,58,50,-11,14,30,279,11,3,40
352,130,49,41,-9,96,15,296,51,3,38
353,153,91,54,-6,14,37,203,0,5,79
354,182,24,19,-13,11,11,226,24,3,49
355,172,66,45,-4,8,37,236,8,3,67
356,106,73,79,-5,10,94,200,0,3,55
357,172,76,45,-5,10,54,224,0,3,78
358,174,45,46,-11,8,42,257,16,3,74
359,143,83,44,-7,32,65,322,5,3,66
360,81,39,14,-13,10,30,404,30,5,43
361,139,71,82,-7,61,77,223,1,18,80
362,144,77,51,-6,17,57,210,0,4,36
363,132,84,61,-7,8,54,236,0,4,40
364,137,33,51,-11,18,27,198,72,11,58
365,186,54,30,-8,12,54,203,16,4,50
366,169,88,35,-5,12,41,202,3,20,57
367,108,74,59,-8,18,29,379,51,3,55
368,153,84,32,-4,8,22,258,0,5,43
369,119,81,85,-5,12,78,237,12,8,69
370,131,91,47,-7,25,29,245,0,4,47
371,94,50,51,-8,39,42,232,61,3,47
372,93,93,44,-3,8,40,203,1,5,62
373,83,53,66,-9,14,61,230,89,17,49
374,119,92,70,-4,8,71,295,0,4,79
375,110,80,58,-8,5,42,226,0,4,49
376,140,55,56,-7,17,19,273,19,3,71
377,199,36,28,-13,14,33,205,61,4,33
378,117,73,49,-9,16,83,236,0,9,61
379,90,66,54,-8,55,49,214,14,4,48
380,138,89,56,-5,32,96,183,54,4,41
381,116,59,68,-7,8,64,235,1,3,65
382,96,52,32,-7,16,25,238,48,2,34
383,94,18,56,-13,7,25,223,81,3,34
384,82,47,41,-7,10,39,210,56,3,61
385,105,59,43,-6,24,15,330,2,3,45
386,123,70,61,-9,33,48,320,2,13,75
387,123,73,48,-8,11,87,140,57,17,65
388,97,55,74,-9,6,35,328,51,3,72
389,92,81,70,-5,13,58,290,36,3,59
390,95,94,33,-3,24,30,236,1,7,78
391,131,75,58,-7,18,26,308,60,3,76
392,118,77,53,-5,12,30,257,0,4,54
393,128,80,45,-9,11,25,251,0,5,46
394,166,56,41,-5,19,47,176,5,3,48
395,74,17,33,-13,9,10,219,91,3,57
396,110,77,56,-7,22,71,209,0,3,48
397,77,89,69,-6,3,91,182,9,3,56
398,115,64,60,-7,10,35,223,16,4,84
399,111,66,87,-7,14,32,269,4,8,72
400,132,29,54,-10,71,19,206,97,3,53
401,97,79,71,-4,20,90,221,32,11,48
402,147,90,53,-9,14,91,205,0,4,64
403,113,42,74,-10,10,58,259,36,3,43
404,112,77,65,-6,59,38,214,23,6,54
405,174,92,55,-11,99,11,332,1,7,37
406,134,53,59,-10,12,31,287,38,4,57
407,91,30,28,-13,12,26,210,88,3,27
408,110,41,67,-9,3,71,214,15,6,42
409,183,50,45,-7,11,21,266,25,3,26
410,104,57,77,-6,11,61,165,9,3,36
411,131,83,43,-7,92,71,217,1,3,14
412,120,59,79,-9,7,73,206,9,8,61
413,127,59,40,-9,11,37,263,8,4,28
414,123,71,87,-6,10,96,226,57,4,40
415,122,71,70,-5,3,63,203,0,8,76
416,100,80,59,-7,9,32,220,50,7,38
417,131,42,31,-9,8,24,242,13,3,84
418,117,41,71,-14,15,65,227,38,4,48
419,123,84,47,-6,10,74,232,6,5,37
420,123,81,50,-6,15,28,206,4,4,47
421,136,65,64,-6,12,76,232,43,3,49
422,109,84,64,-5,9,43,221,2,4,80
423,108,72,58,-4,24,32,236,3,3,53
424,156,91,48,-4,5,54,267,4,19,59
425,115,61,37,-7,10,19,251,1,4,66
426,115,59,66,-12,31,67,204,60,3,44
427,120,39,62,-12,12,44,249,23,3,51
428,110,56,71,-7,12,23,223,15,6,75
429,172,96,60,-4,25,57,188,20,5,47
430,117,62,48,-7,26,15,241,6,4,58
431,99,19,65,-14,13,23,231,98,3,48
432,89,73,63,-6,16,50,324,9,3,38
433,135,33,56,-8,10,28,285,89,3,79
434,108,68,61,-4,13,47,242,0,3,75
435,168,94,48,-7,28,26,213,0,3,60
436,126,83,60,-7,34,35,339,3,4,58
437,129,50,86,-7,10,72,245,59,4,76
438,140,59,45,-7,8,20,279,5,3,78
439,138,78,48,-8,8,18,319,1,5,53
440,105,46,52,-16,78,89,218,93,5,18
441,104,61,28,-5,10,8,403,0,3,72
442,95,47,37,-8,11,49,251,16,4,65
443,138,87,23,-5,29,19,256,0,5,69
444,85,29,64,-10,18,41,258,67,4,76
445,97,73,50,-6,20,24,231,2,3,47
446,103,69,55,-4,8,56,161,10,3,42
447,155,20,42,-15,8,10,366,96,3,29
448,126,79,60,-4,13,30,245,7,10,67
449,120,93,51,-3,14,48,264,0,4,53
450,166,87,36,-8,10,61,194,0,7,73
451,80,45,31,-6,13,21,250,95,3,66
452,168,82,51,-11,14,7,232,0,3,51
453,79,73,50,-6,31,45,200,14,3,30
454,133,80,74,-8,19,98,239,0,4,54
455,82,52,43,-9,22,56,216,80,7,52
456,118,73,43,-7,17,31,241,0,4,68
457,140,51,44,-8,13,25,245,12,3,40
458,79,33,40,-11,8,46,173,26,5,33
459,120,75,62,-5,9,56,221,64,5,65
460,79,60,51,-9,11,40,265,44,3,66
461,128,71,73,-6,10,97,240,14,3,84
462,89,57,53,-10,13,49,182,72,6,49
463,116,33,53,-10,11,11,526,69,5,73
464,130,83,51,-5,7,56,224,1,5,69
465,140,86,79,-6,35,77,219,13,32,77
466,127,90,73,-4,37,76,236,0,14,75
467,106,35,64,-14,7,59,233,54,3,33
468,94,75,65,-5,60,65,267,8,9,76
469,160,64,59,-8,13,56,185,56,10,71
470,166,29,38,-8,12,17,201,95,5,75
471,86,75,52,-7,20,70,273,36,5,44
472,172,76,34,-7,35,33,251,0,4,39
473,135,66,53,-4,21,22,298,0,3,64
474,132,63,69,-7,6,74,319,1,4,42
475,117,45,49,-9,62,40,266,82,3,39
476,131,32,29,-8,19,20,215,86,3,49
477,138,74,43,-7,33,9,285,2,4,67
478,88,40,37,-13,8,27,189,4,3,27
479,76,55,35,-7,11,8,286,42,3,74
480,170,69,57,-7,11,78,237,4,3,54
481,126,32,65,-11,13,28,233,66,3,56
482,136,78,45,-4,67,24,187,11,6,73
483,122,26,39,-10,9,18,282,81,3,55
484,90,71,51,-3,33,43,175,19,3,73
485,131,28,33,-13,13,28,188,43,3,64
486,95,55,78,-7,13,44,243,35,5,81
487,104,63,67,-7,9,55,248,0,3,73
488,131,76,48,-5,31,45,277,1,3,69
489,142,75,50,-6,35,30,197,1,4,44
490,149,20,28,-17,13,16,809,49,3,31
491,78,20,24,-14,11,27,345,98,3,19
492,100,47,32,-7,95,25,208,26,3,42
493,184,51,35,-8,71,22,291,40,3,51
494,180,42,50,-8,11,22,281,13,7,70
495,123,73,54,-6,16,51,219,1,3,51
496,146,92,64,-4,9,85,258,3,8,83
497,107,69,30,-7,27,37,315,1,5,57
498,84,40,70,-14,90,82,158,56,6,27
499,100,93,64,-6,9,76,190,9,15,66
500,131,24,75,-13,44,67,206,79,8,52
501,85,32,52,-11,12,27,212,70,3,51
502,100,76,51,-7,14,35,220,1,7,51
503,85,87,42,-4,12,63,203,7,6,70
504,148,60,51,-14,81,96,312,67,10,34
505,73,28,61,-9,9,39,214,93,4,82
506,137,30,59,-10,12,14,240,69,4,72
507,112,65,81,-7,15,81,229,35,6,57
508,155,54,27,-7,10,33,285,49,3,54
509,141,71,75,-10,10,90,283,9,3,41
510,80,81,37,-6,8,65,209,3,5,57
511,154,58,27,-8,11,20,308,1,4,58
512,124,39,61,-11,11,22,255,53,4,67
513,130,73,53,-5,8,57,205,0,3,48
514,119,26,46,-8,11,23,221,92,4,46
515,112,31,62,-10,12,13,241,95,3,66
516,92,71,56,-5,11,39,225,0,5,67
517,105,88,66,-5,14,86,238,2,4,66
518,103,76,45,-5,15,42,267,2,3,75
519,132,68,52,-5,6,11,214,8,4,56
520,126,34,47,-8,11,24,165,86,4,63
521,152,88,51,-5,7,68,268,0,3,57
522,124,78,53,-6,16,64,247,0,5,85
523,71,63,51,-9,15,50,214,10,19,49
524,85,53,55,-8,22,41,272,19,3,82
525,123,54,45,-9,9,13,244,70,4,58
526,125,78,55,-5,8,46,255,3,4,78
527,76,5,63,-21,10,20,301,56,4,64
528,130,83,55,-5,6,14,204,4,3,65
529,120,26,42,-7,13,33,270,92,3,86
530,151,95,58,-4,4,78,269,2,6,40
531,145,56,60,-7,5,33,207,0,6,47
532,170,75,45,-6,18,42,243,17,6,35
533,75,55,48,-7,10,24,253,37,7,76
534,116,81,73,-7,6,25,232,3,8,55
535,78,40,57,-11,8,30,266,74,3,49
536,114,93,41,-5,60,39,163,34,10,32
537,127,72,68,-6,27,57,214,8,4,70
538,174,28,36,-12,38,20,174,54,4,59
539,116,81,79,-9,10,86,248,4,4,77
540,86,41,21,-10,8,16,306,17,4,72
541,128,79,57,-4,9,30,148,5,5,69
542,128,87,68,-6,37,4,304,0,4,65
543,108,88,54,-5,3,25,282,2,3,48
544,144,40,56,-8,11,46,209,66,3,36
545,127,33,79,-13,19,53,231,60,6,67
546,110,85,78,-4,12,62,250,5,7,75
547,77,51,57,-7,9,51,484,23,5,77
548,121,66,60,-6,12,29,245,23,5,80
549,85,43,67,-10,13,34,190,12,12,79
550,110,64,70,-9,28,65,211,22,17,53
551,81,76,50,-5,26,61,208,9,3,33
552,148,84,52,-7,20,86,213,1,6,28
553,117,78,52,-4,11,90,236,0,4,66
554,108,87,74,-3,27,59,225,3,4,62
555,142,96,46,-4,28,40,238,7,6,26
556,131,22,46,-10,11,15,243,90,3,41
557,146,58,47,-7,25,37,183,51,3,49
558,134,92,59,-5,27,63,241,6,6,48
559,120,60,85,-5,8,84,264,0,4,76
560,99,68,62,-8,16,53,240,11,3,30
561,140,63,39,-7,11,32,373,24,3,49
562,125,64,55,-7,22,15,268,1,3,78
563,105,76,73,-5,6,54,228,13,3,61
564,168,77,38,-6,27,42,185,0,4,57
565,79,45,78,-6,18,59,282,47,3,84
566,129,66,57,-5,12,44,242,63,5,77
567,83,58,27,-9,37,65,198,50,4,40
568,93,41,67,-12,11,36,215,65,5,60
569,140,95,58,-9,47,30,456,0,4,65
570,126,81,64,-6,7,72,177,8,3,59
571,80,37,56,-10,9,28,182,93,4,27
572,160,82,65,-5,9,96,233,22,18,80
573,116,39,69,-11,12,38,213,49,3,52
574,148,70,49,-8,8,62,209,4,4,52
575,134,71,33,-7,13,19,532,31,3,60
576,93,48,74,-9,11,36,285,3,4,73
577,108,38,61,-10,10,20,259,61,5,84
578,152,86,46,-6,10,37,289,0,7,47
579,102,73,48,-5,21,43,215,3,3,64
580,135,72,76,-8,95,51,280,5,24,47
581,130,70,76,-9,4,30,268,7,4,42
582,162,82,46,-6,16,47,299,1,4,65
583,139,88,64,-4,36,74,242,8,3,70
584,94,34,38,-11,8,8,217,9,3,39
585,97,74,66,-7,33,74,161,24,14,43
586,114,34,44,-11,10,8,266,4,3,65
587,146,69,59,-7,10,19,212,72,8,43
588,111,64,62,-7,52,65,159,21,3,58
589,92,88,66,-3,69,77,348,3,9,41
590,167,89,49,-4,7,64,245,0,4,75
591,84,42,42,-6,11,18,173,59,4,84
592,160,80,65,-5,33,94,219,6,17,66
593,175,52,48,-12,9,10,311,33,4,63
594,156,87,37,-5,8,22,308,1,4,59
595,122,71,66,-5,12,48,258,7,4,74
596,130,44,72,-9,9,32,243,58,3,72
597,94,54,79,-7,20,89,215,9,5,49
598,116,78,65,-7,10,63,203,13,4,49
599,118,72,78,-6,7,71,246,13,4,70
600,128,87,58,-4,26,62,199,1,6,82
601,135,23,40,-9,11,28,222,89,4,61
602,124,85,62,-6,24,64,215,12,3,43
603,147,31,55,-10,11,25,261,82,3,74
604,86,28,32,-9,10,18,248,47,3,75
605,114,44,37,-15,67,45,198,82,8,15
606,125,88,56,-3,87,51,317,0,3,69
607,128,58,57,-9,14,30,287,1,3,58
608,174,13,50,-13,10,28,256,88,6,29
609,128,93,52,-5,11,20,233,0,9,53
610,95,79,36,-8,91,30,167,16,4,26
611,117,79,40,-3,7,57,216,2,5,71
612,115,61,86,-7,3,93,270,1,8,82
613,85,41,17,-8,11,9,203,61,3,33
614,122,39,58,-8,9,16,249,76,3,20
615,125,88,60,-6,11,58,468,0,4,76
616,146,45,54,-9,11,14,283,46,3,69
617,117,74,64,-4,17,79,216,1,3,85
618,121,48,66,-9,18,35,219,4,3,45
619,170,64,73,-6,6,65,202,5,14,83
620,83,41,27,-8,12,32,255,29,3,21
621,95,42,50,-12,20,22,242,88,3,41
622,90,74,49,-5,30,36,259,26,4,78
623,112,92,64,-4,15,53,264,0,4,74
624,171,50,36,-6,16,39,254,0,3,13
625,135,33,65,-11,22,52,272,43,3,42
626,89,82,53,-6,9,69,200,1,4,16
627,109,59,41,-5,28,56,204,55,3,68
628,161,38,35,-8,15,36,230,61,3,26
629,128,46,72,-8,11,39,201,8,3,68
630,78,40,54,-8,11,17,220,66,4,32
631,130,93,48,-5,31,37,232,1,5,60
632,49,37,39,-11,8,51,293,21,3,78
633,189,76,43,-8,55,66,247,2,4,57
634,123,92,45,-5,33,8,224,0,7,68
635,136,90,65,-11,15,61,222,0,4,54
636,111,90,64,-6,17,78,192,20,4,46
637,168,76,43,-9,10,51,155,0,6,35
638,121,62,88,-9,5,30,384,0,5,63
639,127,47,76,-7,10,77,157,54,4,33
640,106,67,57,-10,11,25,305,2,3,58
641,87,65,66,-4,6,37,203,12,5,73
642,164,72,48,-5,10,25,405,5,6,70
643,142,92,56,-4,28,59,235,0,3,54
644,100,38,61,-10,28,52,234,84,44,83
645,147,68,40,-6,68,60,212,18,3,47
646,134,41,46,-8,10,9,227,50,3,63
647,108,40,49,-8,14,15,598,49,3,67
648,170,46,18,-9,9,13,267,74,4,40
649,121,73,67,-7,18,78,218,28,4,62
650,158,45,48,-6,9,29,295,34,3,73
651,116,50,58,-7,13,11,206,20,3,74
652,98,72,68,-9,13,57,225,20,6,60
653,144,59,38,-6,9,27,291,35,5,73
654,163,79,39,-6,40,34,204,0,5,53
655,113,83,67,-6,10,70,238,1,7,75
656,123,55,55,-11,18,42,242,85,4,36
657,130,70,66,-7,9,51,382,5,3,61
658,106,27,72,-8,11,18,227,73,3,62
659,92,74,70,-7,11,20,302,7,7,74
660,109,33,67,-17,8,49,284,61,6,63
661,150,83,38,-7,7,45,220,0,6,49
662,90,21,12,-11,13,5,223,84,4,54
663,150,43,49,-8,12,31,315,10,3,59
664,142,66,46,-8,9,34,274,28,5,44
665,170,49,28,-8,17,53,427,16,3,66
666,123,75,59,-11,34,66,339,0,3,44
667,130,70,68,-9,14,81,214,0,3,54
668,100,53,56,-11,11,67,278,2,3,41
669,107,80,82,-4,15,63,226,3,8,78
670,98,55,37,-8,18,11,598,21,3,55
671,95,84,60,-7,11,47,240,2,7,67
672,142,28,59,-5,15,34,272,88,3,70
673,131,46,60,-12,22,80,204,10,4,27
674,72,26,35,-12,13,48,265,61,3,24
675,90,40,73,-9,11,55,196,8,3,81
676,74,51,36,-8,16,15,318,4,3,40
677,163,51,49,-8,10,34,214,58,12,76
678,120,47,77,-6,39,34,237,29,5,80
679,105,24,61,-17,25,37,290,76,3,28
680,108,7,52,-14,13,27,177,70,4,34
681,129,64,67,-7,14,89,223,22,3,41
682,145,91,57,-5,14,40,197,3,5,41
683,95,45,60,-6,11,17,263,16,2,87
684,118,89,76,-4,85,72,358,8,7,69
685,167,68,50,-4,6,47,262,1,3,74
686,114,59,49,-6,9,19,270,3,5,76
687,96,65,83,-3,9,93,234,58,8,87
688,125,78,78,-4,8,67,204,6,13,88
689,75,71,60,-4,17,55,200,39,30,78
690,98,21,61,-20,8,42,274,60,3,28
691,135,83,46,-5,14,47,261,2,10,79
692,120,60,52,-5,11,22,341,3,3,80
693,80,66,55,-7,10,52,244,39,3,66
694,190,53,26,-6,5,45,213,39,4,41
695,132,69,34,-9,34,21,341,0,4,32
696,135,66,67,-5,12,56,201,4,3,82
697,145,91,55,-5,35,64,180,1,7,33
698,108,61,57,-9,10,69,185,56,4,41
699,116,87,55,-5,46,61,303,0,3,66
700,128,78,67,-5,13,52,215,0,3,62
701,84,20,59,-11,9,17,255,90,3,75
702,146,28,49,-14,12,17,360,30,3,60
703,92,85,68,-11,6,93,391,23,5,69
704,168,93,51,-5,24,67,272,0,24,63
705,103,64,62,-7,16,45,247,5,3,84
706,168,82,61,-5,15,29,187,1,4,86
707,103,63,48,-7,12,16,671,39,3,59
708,90,39,52,-7,14,24,208,54,3,83
709,100,88,62,-3,33,78,171,7,10,80
710,115,71,63,-7,14,24,210,1,3,54
711,90,24,59,-11,9,26,221,91,4,78
712,147,89,55,-3,89,72,233,0,3,67
713,125,40,50,-9,12,15,225,34,3,25
714,112,75,91,-10,4,83,234,7,25,48
715,116,83,52,-4,8,48,331,0,4,62
716,103,31,40,-8,12,31,262,92,3,40
717,114,32,50,-13,24,30,249,10,3,50
718,92,87,51,-7,5,39,266,19,5,31
719,90,30,64,-10,10,44,238,62,3,36
720,86,22,43,-9,11,40,230,95,4,71
721,96,62,41,-6,40,23,250,9,7,68
722,140,68,51,-3,18,36,196,28,3,64
723,69,62,59,-6,13,27,186,2,11,75
724,171,75,56,-8,15,35,240,27,31,69
725,174,72,43,-6,9,69,268,10,4,78
726,96,39,57,-6,23,32,216,37,3,88
727,91,70,54,-6,10,56,221,5,3,30
728,174,44,64,-14,9,15,154,13,20,68
729,109,41,81,-9,8,50,223,11,4,59
730,126,83,69,-7,25,98,215,17,3,82
731,82,36,28,-12,25,36,172,65,3,30
732,122,40,43,-10,12,63,195,48,5,28
733,128,78,81,-4,19,82,220,6,5,38
734,152,60,32,-6,25,18,240,11,3,30
735,128,54,33,-9,21,82,146,57,4,29
736,105,47,72,-7,11,45,206,53,3,65
737,105,66,40,-7,23,39,217,3,3,27
738,140,57,34,-7,42,37,257,6,3,30
739,100,61,70,-6,8,22,189,22,4,84
740,98,73,67,-7,37,15,210,4,5,65
741,131,41,55,-11,24,86,152,46,5,23
742,111,74,66,-10,32,89,236,23,3,32
743,178,64,38,-7,37,8,261,7,7,83
744,81,49,50,-8,14,76,135,76,5,23
745,82,90,58,-3,6,68,191,19,6,87
746,126,60,73,-10,6,96,179,40,5,23
747,116,74,67,-5,24,75,201,29,5,82
748,124,69,83,-8,8,85,216,33,3,81
749,148,63,49,-7,9,8,275,68,3,80
750,198,61,30,-7,15,33,251,6,3,32
751,110,41,50,-6,11,45,182,75,3,85
752,124,89,77,-9,6,97,261,7,4,16
753,87,38,35,-10,12,53,253,73,4,15
754,87,25,41,-13,38,32,221,74,3,17
755,180,63,47,-5,11,16,212,3,5,80
756,128,49,41,-6,11,37,231,1,3,78
757,197,64,18,-7,12,52,241,11,4,30
758,68,58,23,-7,9,49,292,8,3,31
759,130,50,55,-6,76,30,210,30,4,81
760,140,49,57,-11,17,73,179,2,5,20
761,106,74,63,-8,17,67,276,47,4,44
762,100,57,74,-8,10,57,209,51,4,52
763,120,85,60,-5,12,15,203,2,46,84
764,109,52,57,-11,13,33,252,5,3,17
765,87,93,50,-3,37,68,217,3,8,39
766,132,71,42,-11,3,64,205,14,3,19
767,93,84,64,-8,21,89,216,42,4,26
768,89,34,71,-7,16,49,241,79,3,50
769,73,25,49,-11,8,27,202,88,3,52
770,103,76,53,-7,14,84,258,6,4,33
771,100,71,55,-8,8,30,218,6,5,60
772,105,52,77,-4,13,39,217,18,3,85
773,86,61,51,-5,8,23,295,0,2,12
774,124,86,79,-3,8,59,215,4,11,86
775,114,79,60,-6,39,24,217,1,7,79
776,94,68,54,-9,9,47,219,1,6,21
777,140,71,62,-7,13,49,211,6,7,82
778,97,38,40,-10,12,28,270,51,3,70
779,72,33,45,-13,14,27,184,82,4,73
780,150,66,25,-7,9,44,249,50,3,67
781,111,75,67,-9,29,69,261,8,3,73
782,106,32,52,-12,13,31,335,74,3,37
783,107,77,60,-8,11,72,204,10,3,36
784,108,58,74,-9,18,94,265,19,3,85
785,120,83,43,-6,14,35,455,2,5,50
786,135,43,70,-11,10,56,194,33,38,95
787,91,32,76,-7,8,57,189,84,5,98
788,124,76,40,-8,37,49,261,10,5,37
789,96,35,51,-9,59,51,172,67,15,71
790,121,76,61,-9,73,63,218,14,7,50
791,120,90,52,-5,10,24,322,0,4,72
792,132,87,47,-6,25,27,244,0,5,56
793,98,59,82,-6,15,51,209,69,9,100
794,98,56,70,-7,28,51,183,25,5,68
795,142,66,36,-8,6,38,237,10,3,32
796,139,53,59,-7,29,23,241,14,3,65
797,178,80,66,-5,7,84,229,20,15,80
798,113,17,68,-9,10,24,260,84,3,28
799,127,46,34,-11,9,35,620,17,4,45
800,143,40,44,-8,11,41,243,63,3,79
801,80,21,15,-14,12,26,293,82,3,71
802,163,66,42,-12,18,45,168,0,7,68
803,116,47,74,-13,19,89,160,9,3,71
804,128,32,55,-11,10,33,242,83,3,77
805,93,49,44,-14,16,63,309,70,6,72
806,94,45,49,-12,43,46,298,15,3,53
807,99,26,71,-15,10,56,177,88,4,71
808,92,36,41,-13,8,27,285,83,3,63
809,113,93,56,-10,35,62,146,1,6,77
810,124,80,60,-7,7,62,147,4,3,66
811,140,21,59,-15,12,38,180,90,5,68
812,155,28,50,-15,39,67,173,64,3,63
813,132,33,30,-10,6,39,218,76,3,64
814,136,33,50,-11,10,40,221,59,3,74
815,137,47,47,-10,16,57,269,18,4,62
816,148,21,33,-18,18,28,187,84,3,62
817,76,66,22,-10,47,32,344,2,5,50
818,119,84,63,-6,10,88,663,8,5,47
819,119,36,39,-11,12,31,444,0,3,63
820,123,59,76,-10,61,33,189,49,6,65
821,118,39,47,-14,14,55,241,64,3,63
822,127,41,71,-7,6,53,211,35,4,60
823,121,63,61,-8,15,90,244,34,3,73
824,121,70,54,-9,8,58,281,10,3,76
825,131,79,31,-8,11,26,201,35,5,29
826,103,88,76,-9,22,95,175,36,4,73
827,76,35,61,-14,8,36,201,50,4,73
828,105,66,75,-6,9,86,152,19,4,67
829,147,91,60,-7,8,72,290,31,6,64
830,159,17,48,-19,12,19,228,73,5,57
831,154,38,35,-16,5,48,276,9,3,60
832,86,52,61,-10,12,80,206,37,3,72
833,119,50,46,-12,27,53,266,6,4,58
834,89,25,53,-15,12,24,276,71,3,60
835,139,97,54,-6,12,93,166,42,9,67
836,128,36,38,-11,29,24,251,71,4,38
837,130,85,59,-6,27,81,161,6,3,69
838,162,57,37,-9,13,66,331,39,3,53
839,82,34,34,-12,12,20,483,58,3,79
840,76,26,55,-12,9,17,188,91,3,78
841,104,72,55,-12,11,72,435,25,3,74
842,134,32,28,-17,11,14,1412,37,4,58
843,92,9,42,-19,34,46,243,91,4,69
844,93,46,45,-11,15,66,271,30,4,71
845,117,72,49,-8,29,15,300,31,4,77
846,123,38,44,-15,5,22,236,64,4,71
847,91,38,25,-14,11,51,213,14,3,60
848,80,42,48,-11,12,51,125,46,12,76
849,140,39,43,-7,8,16,342,69,3,72
850,171,73,35,-9,12,70,471,8,4,67
851,203,82,27,-6,36,81,233,10,10,69
852,122,57,39,-13,9,40,502,39,5,44
853,138,48,53,-12,8,49,517,70,6,74
854,145,43,41,-11,15,28,377,38,3,79
855,133,32,42,-13,9,41,200,62,3,68
856,109,65,65,-10,18,72,221,4,2,54
857,104,51,38,-15,54,40,355,1,5,55
858,175,59,23,-9,13,55,204,31,4,35
859,129,93,63,-4,6,96,229,22,3,71
860,169,26,47,-11,12,46,309,88,3,68
861,125,53,68,-13,6,35,266,42,9,60
862,131,70,32,-8,11,25,443,2,4,37
863,115,31,55,-12,11,41,218,51,4,66
864,87,11,70,-15,7,52,108,94,55,58
865,120,78,56,-7,7,97,179,36,6,67
866,92,28,70,-15,8,45,269,68,3,68
867,83,42,47,-10,5,50,239,52,3,66
868,133,33,27,-11,13,6,388,5,4,24
869,133,76,41,-9,8,39,511,7,7,66
870,129,57,61,-11,7,54,350,56,4,72
871,135,92,69,-6,8,23,511,30,6,65
872,96,31,69,-19,9,52,144,17,4,62
873,131,50,42,-13,20,66,254,48,3,39
874,147,59,56,-7,4,97,198,6,3,67
875,170,89,32,-7,9,87,221,0,4,67
876,81,86,44,-8,24,75,295,40,9,73
877,92,42,81,-15,10,84,157,75,4,58
878,119,4,47,-22,11,18,311,95,4,63
879,127,62,39,-8,9,34,221,21,3,71
880,141,63,41,-10,51,80,581,0,6,43
881,124,71,46,-9,13,41,174,21,4,50
882,114,59,63,-11,5,89,342,10,3,64
883,145,27,40,-12,10,9,225,74,3,69
884,137,53,60,-9,9,34,282,43,3,82
885,171,46,54,-10,10,80,187,19,3,71
886,100,45,49,-10,54,55,254,17,3,74
887,139,67,57,-10,13,74,212,34,3,75
888,123,51,65,-17,16,83,252,69,5,77
889,134,26,54,-12,15,64,148,85,3,58
890,134,51,45,-16,72,56,102,13,6,29
891,161,84,26,-7,28,46,157,0,10,56
892,136,16,44,-11,11,29,167,91,3,53
893,105,32,57,-17,9,39,254,68,11,75
894,109,78,45,-9,34,51,252,44,4,55
895,106,68,66,-8,8,65,258,16,3,75
896,161,56,44,-12,21,50,194,5,12,64
897,128,69,56,-11,20,75,345,53,4,63
898,106,60,65,-13,7,91,227,22,3,75
899,184,34,38,-13,10,69,179,81,4,65
900,134,75,29,-9,68,35,210,5,5,66
901,156,50,53,-11,26,79,153,48,3,54
902,86,22,54,-18,11,31,189,74,4,51
903,167,47,30,-13,34,58,228,69,5,58
904,81,60,22,-11,41,25,1121,27,6,47
905,131,58,67,-10,6,82,211,22,3,69
906,99,57,56,-12,12,58,251,36,3,56
907,109,33,56,-16,32,33,195,47,3,54
908,109,78,44,-5,14,61,212,14,3,47
909,143,63,57,-12,25,87,258,49,3,65
910,125,54,68,-10,6,96,357,22,3,69
911,102,72,50,-9,8,18,387,1,4,57
912,136,55,43,-6,11,41,272,67,3,72
913,60,22,23,-13,27,18,214,95,3,66
914,161,43,31,-10,33,22,267,39,3,78
915,120,48,36,-12,18,36,414,52,8,70
916,117,85,28,-8,6,44,559,1,5,71
917,124,54,47,-10,27,78,383,2,15,73
918,181,39,36,-14,12,50,218,75,3,61
919,116,22,28,-14,8,18,284,77,3,66
920,81,64,55,-10,20,61,230,0,22,74
921,121,19,41,-13,11,63,246,85,3,64
922,73,30,36,-15,63,13,469,86,3,65
923,85,60,27,-10,19,29,575,2,4,41
924,125,60,48,-9,11,67,313,8,3,71
925,140,24,25,-14,7,21,421,68,3,46
926,111,40,63,-13,11,73,173,54,3,62
927,140,40,51,-13,11,23,150,25,3,74
928,144,75,66,-11,28,97,170,10,3,68
929,121,47,56,-8,15,40,193,45,3,68
930,92,38,59,-12,10,45,279,27,5,67
931,132,48,69,-12,9,90,235,38,3,65
932,83,45,60,-10,21,80,265,37,4,75
933,117,91,57,-7,6,84,207,9,4,71
934,134,51,51,-14,11,70,152,78,3,53
935,128,57,58,-9,36,82,248,38,3,64
936,130,80,41,-3,18,47,223,22,4,76
937,127,54,58,-13,12,42,349,14,4,37
938,77,29,59,-11,9,73,216,57,3,68
939,168,60,54,-11,8,64,291,4,5,69
940,90,47,37,-15,7,5,335,54,8,63
941,111,54,67,-11,13,81,162,57,4,74
942,117,65,54,-6,14,61,180,38,6,67
943,98,61,60,-12,9,89,284,18,3,82
944,148,93,44,-5,24,78,169,42,5,58
945,146,31,30,-11,37,46,181,87,3,69
946,148,41,66,-14,8,83,213,86,7,59
947,83,18,30,-11,13,9,160,85,3,57
948,92,53,39,-12,61,37,199,59,3,42
949,126,69,64,-16,28,46,275,21,5,74
950,123,42,40,-14,7,23,333,10,5,43
951,82,50,33,-16,13,11,1367,11,4,48
952,136,14,45,-13,10,16,176,96,3,61
953,106,54,76,-10,6,96,193,79,5,64
954,168,47,28,-8,16,25,257,24,3,66
955,112,81,60,-5,85,77,197,63,5,48
956,112,36,48,-13,30,32,410,47,4,43
957,100,25,55,-18,69,29,149,94,6,46
958,128,64,51,-12,9,83,208,17,4,55
959,118,44,48,-15,22,76,235,0,4,69
960,104,46,31,-9,14,32,213,42,3,69
961,169,38,23,-14,13,33,261,75,3,51
962,138,32,26,-12,13,17,211,89,3,59
963,144,40,39,-10,24,23,354,29,5,77
964,79,18,33,-12,12,26,217,94,3,62
965,138,29,27,-12,11,4,811,77,3,66
966,146,94,27,-4,12,61,270,1,10,73
967,81,54,48,-11,16,58,508,49,4,69
968,78,68,66,-9,73,59,428,27,6,70
969,110,61,66,-10,8,77,292,6,3,69
970,138,75,75,-7,44,83,215,29,3,63
971,159,16,41,-22,12,42,199,88,3,77
972,141,76,37,-6,53,66,289,62,4,66
973,134,52,40,-16,28,16,367,69,6,70
974,129,49,72,-15,9,80,253,11,3,68
975,133,67,67,-10,16,87,382,20,2,65
976,119,76,52,-7,7,58,171,16,5,61
977,134,58,30,-6,7,18,576,37,3,51
978,80,33,49,-12,33,14,233,1,3,58
979,90,90,47,-7,29,21,325,11,3,53
980,129,37,43,-10,32,19,278,37,3,68
981,102,58,52,-10,11,34,211,3,3,52
982,180,43,22,-9,12,50,216,82,3,54
983,102,37,82,-13,8,29,217,17,8,69
984,89,59,39,-11,15,30,525,19,4,49
985,130,46,43,-12,13,38,293,12,3,65
986,81,25,25,-17,21,32,264,91,3,37
987,141,82,57,-8,9,77,239,1,3,63
988,128,49,38,-9,40,20,281,22,3,37
989,125,70,42,-6,33,56,204,26,3,49
990,89,64,57,-9,86,61,271,24,4,53
991,125,27,62,-17,11,34,284,88,5,48
992,91,42,44,-9,13,45,287,9,2,63
993,95,56,79,-10,8,67,261,45,5,60
994,106,96,68,-6,35,61,715,18,9,27
995,130,73,70,-8,10,64,243,43,3,66
996,105,29,46,-10,18,26,197,82,3,43
997,125,76,84,-5,3,60,251,6,9,60
998,37,25,27,-12,9,13,207,80,4,61
999,147,51,58,-9,6,61,391,1,3,82
1000,112,69,50,-7,22,36,296,19,6,70
1001,101,88,54,-7,76,75,231,38,4,72
1002,126,28,55,-11,16,30,445,47,3,52
1003,136,83,51,-8,12,74,513,4,8,69
1004,109,68,38,-8,5,29,285,0,3,78
1005,141,93,33,-9,30,38,308,0,7,75
1006,107,43,65,-10,11,65,305,38,3,64
1007,104,56,43,-7,13,28,235,2,3,74
1008,98,58,52,-13,5,49,366,2,3,53
1009,135,89,33,-6,35,16,287,9,7,50
1010,111,53,35,-9,8,47,256,58,3,56
1011,107,74,55,-7,24,90,244,4,3,52
1012,68,45,44,-7,11,24,305,89,4,55
1013,127,79,48,-6,45,79,323,0,3,75
1014,121,37,51,-9,32,20,362,50,3,61
1015,108,70,68,-10,11,93,243,32,4,60
1016,119,83,48,-7,32,82,394,18,9,67
1017,106,72,82,-10,7,89,252,8,5,64
1018,135,28,30,-13,17,33,399,80,3,52
1019,81,71,45,-10,21,77,267,23,5,74
1020,123,65,55,-7,12,37,212,58,3,70
1021,107,57,59,-10,8,95,233,16,7,72
1022,177,78,39,-3,11,90,134,0,23,71
1023,100,75,56,-13,33,64,283,61,11,68
1024,142,70,46,-10,9,51,428,29,7,61
1025,104,41,79,-15,14,39,169,41,5,59
1026,109,88,62,-7,4,83,242,0,8,54
1027,121,69,78,-7,11,70,187,52,4,44
1028,118,17,43,-11,11,14,296,42,4,54
1029,140,42,32,-11,10,29,204,55,3,49
1030,112,76,49,-6,9,44,371,0,3,75
1031,173,87,33,-8,46,49,508,21,12,67
1032,135,94,59,-5,7,83,224,2,4,73
1033,178,34,39,-10,25,48,303,65,3,80
1034,135,31,41,-10,7,7,653,31,4,56
1035,159,84,29,-4,10,42,334,0,8,65
1036,81,50,69,-7,26,47,122,68,12,70
1037,152,67,55,-9,5,48,270,1,5,78
1038,148,48,81,-10,5,62,180,1,6,78
1039,64,46,27,-7,12,17,179,38,3,66
1040,177,32,29,-12,12,38,201,80,3,72
1041,112,71,37,-10,13,32,488,10,6,32
1042,94,32,48,-11,11,39,206,37,3,77
1043,172,84,20,-8,29,39,590,28,7,60
1044,102,63,68,-9,31,48,261,36,3,60
1045,200,42,29,-9,10,35,232,84,4,48
1046,96,21,57,-16,13,49,225,65,3,73
1047,104,97,39,-6,10,69,314,3,4,68
1048,130,70,48,-8,31,83,249,40,4,52
1049,104,54,71,-20,9,64,93,11,4,60
1050,123,52,72,-8,13,94,261,7,6,73
1051,89,75,61,-9,14,61,277,32,9,48
1052,184,9,39,-15,10,36,201,98,3,56
1053,91,73,49,-6,8,43,366,0,9,62
1054,119,72,67,-8,4,83,193,4,4,67
1055,127,71,67,-16,9,96,355,3,4,46
1056,135,89,50,-5,73,70,283,9,5,72
1057,133,43,39,-11,16,40,251,43,3,49
1058,107,69,69,-8,20,93,244,17,3,63
1059,91,82,53,-5,26,47,248,7,5,74
1060,106,80,67,-9,6,76,184,3,4,62
1061,175,66,39,-6,6,46,274,28,3,50
1062,125,68,46,-9,50,68,304,25,8,57
1063,80,48,59,-9,9,49,324,39,2,60
1064,105,50,70,-13,32,68,222,6,3,68
1065,137,69,55,-14,14,67,262,2,4,74
1066,76,52,73,-10,7,95,173,8,32,74
1067,133,49,52,-12,14,47,201,10,3,68
1068,77,56,66,-9,6,62,294,40,3,46
1069,111,74,60,-11,68,62,321,44,10,63
1070,93,46,81,-13,15,74,191,78,3,70
1071,98,93,42,-5,11,34,457,41,13,60
1072,148,91,27,-5,15,48,200,0,7,51
1073,177,48,65,-16,6,80,448,23,6,58
1074,129,45,75,-15,12,95,220,42,6,47
1075,119,64,91,-11,6,90,331,3,6,69
1076,98,65,69,-8,11,71,255,29,3,72
1077,117,93,52,-7,82,31,244,39,10,49
1078,139,45,59,-9,13,51,291,70,4,68
1079,134,98,32,-4,20,17,212,4,12,54
1080,127,60,62,-9,10,86,217,1,3,58
1081,148,87,73,-7,32,92,350,6,3,66
1082,156,87,56,-5,77,60,209,5,16,76
1083,102,33,34,-14,15,35,305,65,3,50
1084,125,39,48,-11,12,52,269,37,3,68
1085,92,61,63,-7,68,55,223,60,3,48
1086,134,75,62,-9,5,66,192,4,36,78
1087,96,70,49,-12,15,78,236,4,6,75
1088,90,26,25,-11,14,20,159,96,3,53
1089,123,78,61,-8,28,85,242,9,5,58
1090,114,35,50,-14,26,42,366,9,3,69
1091,105,38,84,-13,20,89,268,54,6,67
1092,88,69,43,-8,36,52,203,6,6,51
1093,96,90,47,-6,34,42,215,15,6,70
1094,83,67,43,-6,10,61,181,6,8,55
1095,93,72,53,-10,8,76,241,13,3,51
1096,77,57,54,-8,9,73,290,1,16,66
1097,137,34,54,-14,13,30,236,46,4,49
1098,110,71,80,-5,34,85,289,44,4,67
1099,91,82,67,-7,97,80,317,10,5,40
1100,122,56,78,-8,7,76,232,11,10,76
1101,123,80,44,-5,10,52,205,5,4,66
1102,121,38,76,-15,5,99,224,28,4,69
1103,95,85,60,-8,63,64,191,1,3,38
1104,115,85,73,-7,44,74,261,13,4,65
1105,122,72,36,-10,36,47,360,2,4,55
1106,101,88,78,-4,4,89,265,39,3,74
1107,135,27,55,-15,11,21,234,42,3,59
1108,131,87,70,-6,21,81,188,8,3,66
1109,118,62,65,-9,8,64,211,20,3,56
1110,67,12,16,-18,16,24,195,88,4,56
1111,121,57,80,-13,11,96,327,45,3,41
1112,127,37,47,-13,8,17,382,15,3,75
1113,116,91,57,-5,16,42,208,6,13,83
1114,104,39,69,-16,25,72,239,8,4,77
1115,134,23,35,-10,38,18,221,90,3,67
1116,120,76,63,-6,15,70,251,51,5,72
1117,128,85,77,-6,7,87,271,21,4,78
1118,120,49,75,-10,22,53,293,2,4,64
1119,151,81,58,-7,22,87,290,3,4,74
1120,112,30,59,-15,13,19,278,22,3,68
1121,155,94,48,-5,41,94,138,1,4,42
1122,84,56,53,-8,30,38,327,70,3,56
1123,136,86,72,-6,6,97,196,15,4,45
1124,105,36,63,-9,13,67,245,11,3,77
1125,113,21,38,-16,8,21,239,75,3,57
1126,77,70,41,-9,11,37,309,22,3,64
1127,75,66,53,-6,7,76,159,43,3,70
1128,104,37,55,-12,17,46,286,57,2,49
1129,132,76,80,-11,5,96,288,8,3,73
1130,169,84,47,-6,11,69,158,0,6,63
1131,127,78,71,-7,15,91,309,12,4,53
1132,129,23,42,-17,22,20,232,63,4,59
1133,131,67,58,-12,5,45,235,8,4,52
1134,119,82,88,-10,18,95,365,13,9,74
1135,134,80,65,-7,8,78,200,12,5,73
1136,156,97,31,-5,7,60,211,12,4,34
1137,125,67,42,-7,6,34,351,61,5,66
1138,146,34,51,-13,21,27,301,0,5,64
1139,116,87,64,-6,8,81,243,14,3,70
1140,118,53,67,-11,30,81,303,9,3,64
1141,119,60,83,-14,8,92,246,18,6,62
1142,82,52,48,-16,12,90,215,2,3,44
1143,115,73,71,-6,13,93,242,28,3,52
1144,120,66,79,-11,33,87,226,1,4,52
1145,167,74,49,-6,11,46,255,28,4,44
1146,106,68,63,-6,85,70,197,16,4,70
1147,114,54,81,-13,16,85,221,18,4,73
1148,122,57,87,-11,13,56,215,37,4,49
1149,133,64,55,-9,52,55,223,41,15,40
1150,101,75,36,-9,23,42,321,0,4,40
1151,125,93,62,-6,27,55,306,6,11,39
1152,117,54,59,-11,31,59,302,18,3,66
1153,81,62,63,-11,10,42,355,34,6,53
1154,127,79,46,-7,8,52,295,55,4,59
1155,140,98,32,-7,9,23,166,0,17,74
1156,110,53,93,-6,16,76,215,11,16,74
1157,188,70,31,-6,8,76,255,1,5,83
1158,87,57,60,-8,8,49,361,44,3,54
1159,116,26,67,-11,7,69,234,61,4,71
1160,127,77,53,-6,39,76,210,0,6,78
1161,77,76,60,-7,35,72,163,71,4,66
1162,133,72,68,-8,37,77,274,11,3,48
1163,169,70,44,-8,28,78,217,1,4,39
1164,129,84,65,-6,24,71,195,50,19,56
1165,117,92,64,-6,62,87,260,18,6,69
1166,151,32,38,-15,8,41,966,52,4,32
1167,127,38,56,-15,5,89,303,1,4,49
1168,137,69,49,-11,28,56,489,25,4,43
1169,133,38,51,-9,12,26,264,82,3,50
1170,120,74,71,-11,26,87,266,27,5,62
1171,178,29,30,-16,29,14,280,67,5,31
1172,103,72,92,-9,10,76,237,36,10,77
1173,105,78,55,-6,63,81,162,42,5,76
1174,194,93,49,-4,37,92,203,61,7,63
1175,118,63,76,-8,17,96,255,46,3,60
1176,82,45,51,-7,13,33,230,36,3,51
1177,175,72,31,-6,12,41,200,5,3,71
1178,170,28,47,-16,13,33,232,25,3,68
1179,136,92,37,-7,42,63,296,1,5,63
1180,145,89,64,-5,34,94,167,14,4,33
1181,110,89,64,-7,16,97,199,9,3,69
1182,151,43,63,-16,11,95,264,23,4,67
1183,179,36,53,-11,24,17,452,28,4,36
1184,131,53,87,-13,20,96,250,1,8,50
1185,119,88,72,-9,9,96,243,20,4,58
1186,143,76,56,-7,8,93,214,0,3,65
1187,131,42,88,-15,18,97,308,4,5,61
1188,140,51,80,-9,4,52,243,5,6,67
1189,121,32,50,-14,38,28,321,72,5,47
1190,190,24,45,-14,7,30,336,55,3,77
1191,119,75,50,-9,45,51,251,13,4,80
1192,108,39,80,-15,5,74,349,5,4,51
1193,94,38,56,-15,14,60,207,14,3,67
1194,82,77,56,-10,12,43,261,12,3,73
1195,122,93,63,-4,9,97,213,4,4,76
1196,82,40,65,-15,7,86,237,48,4,59
1197,117,79,61,-6,57,91,274,16,3,58
1198,145,51,52,-8,29,65,154,48,4,53
1199,76,24,18,-15,11,12,235,42,4,56
1200,121,73,40,-6,20,49,243,32,4,35
1201,118,74,73,-8,21,96,237,18,4,74
1202,172,60,53,-10,7,71,271,31,3,43
1203,79,35,62,-14,9,66,206,46,3,46
1204,93,37,67,-18,5,73,296,26,3,84
1205,125,59,38,-10,27,28,859,2,3,41
1206,114,71,67,-8,10,47,248,42,5,72
1207,112,32,38,-12,12,12,295,73,3,58
1208,84,10,55,-20,8,7,407,70,3,38
1209,117,65,92,-3,4,85,294,2,4,81
1210,174,94,25,-5,16,46,234,3,7,60
1211,119,76,66,-7,9,54,478,1,4,47
1212,112,42,82,-13,8,52,276,56,3,67
1213,78,51,38,-13,21,74,331,2,4,70
1214,111,42,56,-8,41,45,269,91,7,35
1215,115,60,62,-8,12,58,228,14,4,24
1216,141,66,58,-14,7,66,361,1,4,52
1217,119,73,87,-8,8,63,379,14,8,68
1218,204,41,62,-12,9,74,252,68,4,65
1219,114,19,69,-19,17,32,245,67,3,31
1220,107,66,45,-7,26,78,287,66,5,68
1221,159,57,35,-14,6,44,299,49,12,47
1222,170,70,75,-9,6,87,351,18,14,42
1223,98,94,62,-5,7,76,176,3,3,76
1224,125,55,44,-10,18,49,251,13,4,43
1225,73,26,52,-14,14,20,213,76,3,63
1226,94,60,81,-10,6,75,239,12,6,71
1227,170,35,56,-14,20,72,247,43,3,46
1228,93,51,62,-10,26,69,246,54,3,65
1229,114,71,57,-9,16,67,333,35,3,62
1230,113,83,74,-6,38,82,189,8,12,79
1231,127,82,89,-5,13,96,239,23,4,71
1232,122,92,85,-4,6,90,362,2,4,64
1233,121,67,60,-7,26,56,264,62,3,60
1234,159,54,58,-8,8,55,259,5,3,48
1235,176,26,31,-19,7,19,423,15,3,22
1236,101,94,54,-7,4,74,279,40,5,72
1237,117,45,82,-10,7,74,254,54,3,84
1238,83,88,56,-9,38,67,408,38,6,45
1239,95,56,57,-7,11,50,232,10,5,73
1240,125,71,69,-7,12,88,217,23,3,81
1241,177,90,50,-7,14,77,183,36,18,79
1242,115,74,65,-7,15,63,458,1,6,71
1243,134,63,65,-10,11,87,257,2,3,57
1244,125,80,74,-6,26,89,269,18,4,70
1245,120,79,54,-6,17,48,290,0,3,54
1246,122,65,60,-11,13,71,201,3,6,58
1247,127,96,65,-11,64,94,335,4,5,45
1248,105,40,61,-15,5,71,244,10,3,33
1249,61,25,49,-14,10,6,251,41,4,59
1250,127,63,43,-12,11,74,220,3,4,65
1251,129,94,70,-3,60,79,198,7,5,77
1252,117,35,72,-11,11,64,197,20,4,71
1253,127,52,55,-13,11,60,287,34,3,40
1254,143,76,60,-12,10,84,409,6,5,48
1255,129,72,60,-8,8,56,308,50,4,43
1256,132,7,19,-24,11,4,148,95,4,38
1257,177,80,54,-9,8,89,220,7,3,56
1258,147,95,26,-6,99,61,287,0,10,39
1259,126,76,65,-8,23,61,295,1,3,62
1260,120,80,71,-5,35,73,238,22,3,76
1261,117,71,66,-9,65,81,266,3,5,66
1262,90,14,27,-16,9,13,211,93,4,46
1263,92,73,67,-7,19,89,253,23,4,72
1264,124,46,93,-9,6,76,256,14,31,73
1265,105,79,58,-7,6,91,226,1,3,53
1266,113,45,37,-10,69,19,521,4,3,75
1267,132,82,70,-7,35,83,340,44,3,53
1268,171,34,28,-13,13,23,277,72,3,67
1269,139,83,51,-6,7,77,216,2,4,81
1270,112,50,74,-8,19,66,348,18,4,66
1271,137,74,43,-9,10,23,294,0,3,46
1272,99,68,37,-9,9,34,368,1,3,41
1273,89,45,62,-14,7,87,156,59,3,74
1274,106,84,46,-7,78,71,228,0,3,59
1275,113,93,26,-7,11,28,417,0,11,62
1276,149,94,53,-6,19,50,241,1,4,77
1277,137,48,49,-9,24,33,227,42,3,74
1278,126,99,73,-5,44,84,353,1,5,70
1279,81,47,48,-10,13,42,305,19,3,77
1280,122,95,40,-6,10,58,279,0,6,75
1281,81,61,58,-10,11,46,278,16,6,53
1282,117,34,65,-12,7,39,280,49,4,58
1283,111,85,64,-8,68,84,241,22,4,54
1284,123,16,46,-17,18,10,333,38,3,72
1285,177,55,52,-14,18,91,289,50,4,76
1286,115,57,59,-10,9,47,434,36,4,59
1287,129,92,74,-5,8,93,306,11,4,64
1288,110,31,40,-10,37,28,260,34,3,52
1289,118,82,78,-7,8,91,358,6,3,55
1290,117,96,57,-5,12,98,255,5,3,67
1291,126,80,63,-8,40,87,232,20,3,69
1292,140,59,38,-7,12,34,243,5,3,76
1293,135,58,69,-11,12,94,302,29,3,71
1294,135,75,73,-10,20,64,179,9,3,60
1295,86,42,30,-9,23,33,262,22,3,72
1296,196,93,31,-6,11,38,280,2,13,62
1297,82,57,62,-12,6,90,231,27,4,79
1298,79,27,34,-16,26,14,210,61,3,44
1299,127,81,56,-6,29,64,233,1,3,65
1300,81,25,39,-11,10,20,177,79,4,59
1301,115,78,62,-9,22,63,252,7,3,57
1302,110,8,52,-20,10,10,408,75,3,41
1303,98,41,75,-15,34,24,286,7,4,66
1304,115,70,68,-13,5,69,237,33,4,61
1305,130,62,54,-13,37,20,208,0,4,54
1306,144,91,59,-8,60,93,244,15,4,59
1307,115,68,43,-7,21,51,229,5,3,54
1308,191,93,40,-7,9,73,408,0,6,70
1309,154,95,35,-5,56,86,240,0,5,52
1310,79,44,22,-9,12,13,419,50,4,52
1311,106,66,65,-10,19,45,356,45,5,58
1312,134,66,67,-9,6,66,506,5,4,62
1313,90,55,50,-13,10,45,244,45,3,53
1314,172,94,46,-7,12,80,252,44,11,61
1315,84,90,57,-8,9,88,225,2,5,83
1316,129,46,78,-14,22,66,195,46,4,26
1317,103,91,57,-4,13,56,289,8,4,64
1318,86,51,71,-9,10,52,270,58,3,68
1319,108,55,63,-13,6,20,299,72,6,67
1320,113,25,68,-17,8,81,310,70,3,60
1321,117,47,73,-13,14,58,284,17,4,26
1322,87,66,63,-9,7,75,343,12,3,68
1323,112,80,65,-12,10,54,251,35,5,80
1324,109,60,82,-9,9,55,246,13,3,76
1325,116,28,44,-18,18,20,238,46,4,50
1326,131,82,60,-14,13,74,205,12,4,57
1327,121,67,76,-13,7,91,215,21,4,69
1328,123,41,70,-14,14,26,394,72,3,46
1329,110,71,66,-8,15,63,259,4,3,55
1330,94,13,60,-21,11,11,511,93,3,44
1331,185,52,73,-11,8,96,203,7,12,60
1332,114,46,69,-12,6,70,312,25,3,50
1333,99,50,29,-14,11,44,344,13,4,60
1334,98,94,51,-10,14,50,394,17,4,71
1335,110,47,66,-16,5,66,238,2,3,57
1336,131,31,50,-16,12,25,291,48,3,66
1337,143,83,54,-6,17,71,178,11,3,54
1338,174,61,76,-13,11,86,189,8,7,65
1339,125,6,41,-22,10,18,240,67,4,51
1340,73,45,53,-15,7,29,427,19,4,70
1341,180,95,44,-8,39,36,258,3,6,52
1342,117,67,60,-8,11,30,224,4,3,37
1343,119,81,62,-8,5,58,354,47,5,56
1344,105,83,54,-9,15,56,515,0,4,67
1345,90,100,28,-4,15,10,291,0,16,57
1346,123,89,53,-4,29,80,249,8,3,83
1347,118,71,73,-9,8,85,291,63,3,65
1348,161,26,54,-16,8,36,394,83,5,45
1349,104,6,49,-24,10,6,409,83,4,53
1350,130,78,67,-6,12,70,264,2,4,54
1351,118,84,54,-7,6,19,310,6,6,75
1352,101,31,61,-15,6,28,302,70,3,47
1353,123,13,50,-18,36,21,401,35,8,51
1354,128,76,78,-8,8,82,280,18,5,75
1355,82,42,44,-17,7,55,237,1,4,72
1356,115,91,63,-7,23,81,287,4,4,56
1357,92,80,53,-8,4,94,269,0,3,59
1358,136,77,52,-6,14,88,245,4,3,73
1359,123,96,54,-3,34,81,223,7,5,80
1360,77,29,55,-17,4,49,256,33,3,74
1361,120,92,46,-7,34,33,311,4,26,49
1362,111,68,79,-10,22,88,349,78,4,63
1363,114,77,56,-9,21,43,338,7,4,46
1364,75,53,44,-8,34,35,247,4,3,50
1365,111,27,90,-12,5,74,226,1,9,74
1366,134,38,44,-16,7,30,192,66,3,32
1367,150,80,25,-4,31,25,309,13,4,73
1368,172,14,39,-17,10,26,226,79,4,69
1369,135,90,40,-5,54,84,193,7,4,67
1370,115,8,67,-27,17,28,228,67,4,42
1371,174,54,65,-13,19,90,255,12,3,58
1372,111,86,56,-8,23,94,418,0,3,53
1373,120,32,43,-21,98,52,193,20,17,41
1374,96,68,64,-8,4,47,312,4,4,57
1375,132,93,64,-6,13,90,271,14,3,64
1376,111,69,58,-12,14,53,298,61,3,66
1377,106,58,76,-13,6,94,310,1,5,68
1378,82,28,52,-18,26,41,230,6,3,68
1379,88,63,53,-13,8,75,228,6,5,65
1380,89,65,62,-9,7,63,330,6,4,54
1381,134,86,50,-6,8,42,209,1,7,68
1382,91,27,40,-16,26,29,228,88,7,49
1383,110,31,67,-14,11,27,353,41,3,56
1384,113,95,65,-7,29,61,286,1,4,68
1385,131,88,66,-6,7,84,210,34,3,60
1386,96,32,61,-15,14,29,209,63,5,55
1387,125,95,45,-5,11,62,356,9,5,73
1388,110,43,54,-12,14,11,296,0,3,80
1389,126,72,49,-10,16,29,338,1,4,66
1390,101,77,56,-9,9,66,277,1,4,76
1391,100,98,27,-6,18,40,406,2,10,71
1392,82,20,32,-21,9,29,236,91,4,62
1393,102,35,67,-18,9,65,267,40,4,71
1394,116,31,32,-9,44,18,391,48,3,51
1395,124,99,45,-4,27,32,273,2,9,72
1396,99,51,60,-11,11,60,274,20,2,62
1397,118,98,85,-4,31,60,258,25,8,76
1398,120,30,46,-13,11,33,355,69,3,66
1399,115,49,73,-11,9,73,227,26,3,78
1400,140,90,23,-7,96,49,239,0,6,42
1401,175,45,42,-13,10,17,219,64,4,73
1402,198,52,70,-7,8,55,303,1,10,54
1403,85,50,42,-11,6,27,206,55,3,44
1404,97,69,67,-6,17,28,186,5,3,60
1405,90,82,29,-7,16,24,275,1,4,65
1406,121,8,50,-22,11,13,252,97,5,41
1407,118,67,75,-13,32,70,304,2,4,62
1408,87,35,39,-7,17,44,142,86,3,64
1409,113,94,73,-12,15,92,213,14,4,66
1410,95,20,54,-19,33,23,257,86,3,55
1411,119,82,71,-9,9,87,291,21,5,81
1412,156,41,45,-11,12,32,245,74,3,51
1413,129,16,63,-21,12,18,239,93,3,43
1414,114,85,88,-5,14,54,298,5,15,72
1415,128,84,49,-5,35,56,198,0,4,63
1416,114,89,79,-4,7,39,247,0,4,68
1417,134,45,60,-13,10,78,174,1,3,53
1418,99,64,44,-7,64,25,286,53,6,42
1419,125,70,63,-11,12,80,232,19,3,45
1420,119,63,71,-10,10,63,222,3,3,63
1421,113,84,71,-8,30,86,246,16,4,62
1422,126,73,70,-12,3,95,255,15,3,57
1423,127,86,54,-6,25,29,299,25,4,66
1424,153,64,36,-10,13,45,272,1,4,55
1425,106,52,72,-12,21,82,288,71,3,64
1426,206,89,38,-9,3,80,247,3,4,67
1427,180,76,26,-7,23,43,284,6,4,58
1428,153,74,45,-10,23,94,201,2,6,40
1429,169,83,55,-11,22,91,241,9,3,63
1430,105,55,75,-7,13,45,233,46,10,59
1431,125,47,60,-14,11,53,318,70,3,37
1432,103,69,44,-9,42,43,446,0,6,67
1433,104,29,71,-16,13,19,297,31,4,77
1434,120,34,82,-16,50,79,254,14,4,59
1435,127,39,74,-17,9,59,382,38,3,56
1436,102,65,56,-13,6,60,269,23,3,63
1437,141,98,31,-3,26,63,211,9,10,42
1438,102,72,59,-13,93,72,255,20,5,44
1439,181,62,61,-17,45,96,210,24,8,54
1440,110,53,52,-14,5,35,252,7,3,34
1441,101,84,60,-13,6,64,324,4,4,57
1442,125,69,63,-10,16,89,218,12,3,59
1443,132,63,55,-12,37,79,186,3,3,46
1444,186,44,24,-11,7,40,390,11,3,63
1445,142,18,44,-16,24,35,358,84,3,40
1446,125,28,53,-14,18,6,659,24,3,38
1447,116,67,65,-11,13,59,254,5,4,50
1448,129,74,48,-10,5,60,218,1,8,45
1449,98,41,58,-16,6,53,310,13,3,53
1450,115,31,69,-17,10,56,266,80,3,57
1451,86,58,54,-5,11,34,328,11,3,76
1452,119,65,32,-6,24,47,272,50,3,83
1453,98,42,52,-13,7,31,330,58,3,55
1454,122,31,72,-19,9,51,335,9,4,45
1455,74,42,69,-11,8,47,193,8,3,72
1456,125,76,64,-12,13,64,219,1,5,49
1457,103,69,52,-11,11,93,229,10,3,59
1458,115,77,68,-6,25,71,200,11,3,63
1459,82,38,68,-10,10,23,337,42,3,50
1460,84,37,45,-16,8,26,274,48,3,49
1461,115,56,78,-11,7,94,292,7,3,46
1462,115,69,57,-11,5,57,377,60,28,56
1463,102,56,78,-7,6,37,322,74,3,74
1464,90,41,63,-13,31,70,291,6,3,41
1465,132,88,49,-5,37,52,282,0,3,65
1466,119,91,28,-6,18,26,270,3,11,70
1467,92,84,41,-6,37,39,242,3,5,55
1468,142,85,53,-12,30,91,239,31,4,52
1469,139,52,51,-6,12,23,243,38,3,49
1470,144,48,34,-10,14,18,260,28,3,68
1471,94,56,72,-11,6,59,250,19,3,53
1472,104,74,66,-10,12,75,330,11,3,64
1473,90,86,57,-6,36,31,248,6,9,48
1474,147,18,36,-19,10,25,233,13,3,49
1475,87,33,63,-15,13,64,229,83,3,39
1476,130,68,64,-12,5,71,225,1,4,61
1477,102,25,96,-13,4,80,228,16,6,49
1478,160,61,43,-8,6,37,391,2,3,66
1479,102,59,77,-12,27,72,262,12,3,47
1480,126,67,51,-5,31,36,328,29,3,61
1481,94,35,64,-9,11,20,204,49,3,72
1482,84,45,62,-13,6,57,256,21,3,76
1483,153,45,69,-13,7,70,342,3,4,51
1484,174,89,36,-7,13,26,294,2,12,68
1485,91,37,75,-10,11,47,287,27,3,71
1486,145,97,71,-5,36,90,288,8,5,73
1487,172,80,21,-7,36,68,377,1,4,62
1488,132,29,55,-12,4,12,395,33,3,55
1489,115,88,66,-4,27,88,292,18,3,57
1490,140,81,61,-8,22,82,210,34,3,60
1491,116,39,65,-12,32,60,177,2,3,61
1492,92,65,48,-6,55,54,301,16,3,33
1493,120,79,70,-7,33,56,238,19,4,47
1494,108,57,66,-10,12,50,240,24,3,72
1495,134,82,72,-6,85,87,322,3,5,69
1496,134,89,50,-5,22,26,293,0,4,81
1497,120,32,74,-13,8,29,193,72,3,57
1498,113,81,64,-8,8,82,257,16,3,65
1499,170,39,19,-14,12,32,371,26,4,65
1500,152,52,45,-10,10,25,312,32,4,77
1501,120,57,51,-7,11,16,280,4,3,71
1502,140,63,46,-6,12,10,348,5,3,61
1503,112,68,60,-11,30,71,258,21,3,57
1504,138,57,37,-11,9,30,246,2,3,59
1505,144,59,62,-11,5,65,253,4,3,60
1506,81,42,15,-12,21,17,273,43,3,69
1507,131,86,74,-8,7,78,271,18,4,69
1508,109,51,74,-16,14,90,210,2,3,54
1509,92,13,63,-15,11,24,334,47,3,67
1510,81,65,52,-7,26,72,259,34,3,73
1511,75,19,49,-16,22,21,248,72,4,31
1512,167,61,38,-12,26,70,226,11,3,38
1513,156,48,62,-9,23,73,259,6,9,50
1514,104,79,59,-4,31,96,188,0,4,68
1515,77,68,36,-6,34,20,343,32,3,75
1516,85,40,52,-13,8,63,221,21,3,51
1517,80,64,29,-9,11,23,536,2,3,80
1518,142,36,56,-11,8,17,389,5,3,69
1519,117,91,50,-5,11,72,302,0,6,74
1520,73,73,21,-6,30,17,393,18,6,49
1521,75,88,28,-6,40,60,341,1,4,75
1522,123,82,58,-9,6,64,332,0,3,74
1523,87,40,14,-9,12,4,295,58,4,51
1524,85,35,56,-13,14,46,264,6,5,81
1525,175,79,46,-10,11,86,234,1,8,49
1526,83,69,31,-7,11,18,278,41,3,58
1527,126,86,67,-5,10,80,268,18,3,81
1528,120,82,50,-6,9,54,219,0,4,72
1529,109,85,28,-6,18,29,318,4,4,73
1530,181,53,39,-9,16,33,276,25,4,77
1531,132,74,50,-7,11,38,336,2,4,77
1532,139,60,54,-10,13,25,387,1,3,65
1533,113,40,69,-10,6,55,255,37,3,49
1534,123,66,68,-6,6,49,257,0,4,68
1535,132,49,72,-12,11,97,216,73,4,39
1536,89,76,36,-8,37,17,564,1,3,63
1537,105,94,39,-7,30,27,293,0,8,75
1538,127,79,43,-5,13,51,218,32,9,55
1539,89,85,63,-6,6,43,325,0,3,63
1540,117,61,53,-10,12,53,401,1,3,61
1541,125,59,46,-9,10,24,284,0,3,74
1542,131,37,53,-13,6,25,394,8,3,64
1543,103,75,35,-7,65,32,443,0,4,66
1544,174,90,41,-8,19,67,273,43,3,61
1545,81,49,53,-8,10,10,384,54,5,68
1546,160,85,58,-7,12,91,187,7,10,48
1547,132,27,32,-11,17,15,302,58,4,56
1548,92,94,67,-10,15,78,283,0,5,73
1549,89,26,52,-17,9,49,170,82,3,51
1550,130,51,57,-9,30,33,253,55,4,69
1551,117,77,65,-10,36,95,242,21,3,71
1552,153,78,26,-9,12,26,183,1,6,68
1553,157,88,44,-5,21,51,255,0,6,64
1554,94,61,64,-13,21,89,224,25,3,69
1555,125,91,45,-4,23,81,226,3,4,70
1556,104,82,72,-7,24,82,249,15,3,49
1557,116,83,64,-6,19,31,263,57,5,48
1558,98,64,48,-12,8,73,202,6,3,49
1559,81,55,55,-10,7,29,285,5,3,47
1560,108,53,91,-9,5,90,241,50,5,54
1561,104,60,66,-9,10,26,399,13,3,39
1562,125,15,59,-17,24,11,333,85,3,66
1563,91,61,74,-11,6,89,221,9,8,55
1564,100,66,67,-8,11,70,244,0,3,63
1565,99,67,69,-6,12,71,255,20,5,61
1566,120,57,61,-12,16,39,385,9,3,54
1567,89,83,47,-4,3,66,314,3,30,78
1568,110,87,31,-6,23,23,438,0,6,55
1569,165,60,31,-6,21,16,394,10,3,73
1570,94,32,47,-10,12,17,320,62,3,74
1571,106,67,56,-7,9,60,243,2,3,58
1572,94,52,56,-12,94,64,289,32,5,70
1573,67,21,31,-13,8,11,271,84,4,77
1574,114,39,57,-11,10,57,258,80,3,62
1575,74,30,43,-14,23,16,278,70,3,61
1576,101,83,31,-8,9,59,207,0,4,71
1577,136,76,53,-12,34,51,214,0,3,67
1578,125,77,65,-8,10,40,252,0,3,53
1579,119,70,67,-8,20,66,314,42,3,67
1580,120,79,66,-7,6,71,240,5,3,44
1581,134,56,56,-10,11,45,296,16,3,78
1582,138,55,33,-6,9,23,224,31,3,51
1583,144,94,43,-5,14,47,314,1,4,61
1584,131,59,43,-12,36,46,345,22,3,45
1585,113,31,65,-12,12,41,303,53,3,71
1586,143,43,47,-12,23,24,271,18,3,62
1587,160,98,41,-4,8,35,323,0,5,56
1588,142,28,39,-13,14,40,196,50,3,49
1589,107,71,85,-6,17,82,215,1,8,74
1590,115,52,65,-14,10,45,389,0,3,58
1591,176,47,35,-14,77,56,312,77,20,40
1592,123,92,51,-3,21,46,319,1,6,59
1593,147,87,64,-11,11,61,298,0,6,48
1594,145,44,42,-9,14,30,230,22,3,58
1595,153,40,54,-10,16,24,289,58,4,73
1596,102,51,49,-13,7,67,208,1,6,39
1597,144,55,27,-8,12,20,374,3,3,68
1598,91,47,53,-9,13,12,294,28,2,64
1599,124,65,76,-15,9,86,332,21,3,57
1600,118,97,57,-4,8,57,347,0,5,58
1601,148,48,39,-9,26,57,217,62,3,73
1602,92,43,52,-10,13,10,239,1,4,82
1603,171,50,40,-11,11,37,327,8,7,66
1604,104,34,65,-12,7,32,222,37,2,69
1605,86,83,41,-8,17,65,263,0,3,41
1606,95,43,44,-15,14,20,275,8,3,75
1607,76,56,59,-15,8,84,388,11,4,38
1608,105,67,42,-6,41,30,316,62,9,59
1609,84,37,54,-10,8,24,279,69,3,72
1610,116,62,80,-13,32,64,199,2,5,60
1611,140,65,47,-10,14,40,340,1,3,72
1612,130,42,53,-10,14,22,197,14,3,62
1613,142,82,58,-7,28,73,272,18,4,76
1614,203,64,26,-10,9,38,281,20,6,74
1615,97,70,62,-10,6,73,234,1,3,68
1616,119,53,47,-10,18,77,174,0,3,57
1617,174,33,38,-13,21,20,331,74,3,39
1618,93,26,33,-15,12,42,283,0,3,56
1619,176,60,50,-9,22,47,289,6,3,48
1620,129,67,62,-10,33,78,212,0,4,72
1621,98,41,85,-12,9,79,227,22,7,69
1622,159,96,37,-5,35,44,283,0,7,58
1623,132,47,57,-6,15,26,241,74,4,57
1624,139,43,57,-9,8,36,233,60,3,54
1625,112,75,42,-11,7,23,170,1,5,64
1626,94,48,31,-9,8,19,331,14,3,61
1627,98,54,64,-13,28,94,181,49,3,65
1628,116,85,54,-7,31,31,188,2,4,42
1629,113,63,45,-12,9,36,233,8,3,67
1630,167,64,31,-9,37,31,306,2,3,80
1631,97,14,32,-10,18,8,414,93,3,73
1632,90,26,75,-15,12,13,206,70,4,45
1633,90,43,39,-9,11,43,326,24,4,64
1634,105,83,35,-5,8,15,319,0,4,76
1635,115,75,48,-9,26,42,261,43,8,73
1636,85,94,44,-3,9,78,182,0,6,79
1637,109,59,57,-8,69,36,306,67,6,68
1638,75,41,52,-13,35,28,511,20,3,59
1639,132,53,58,-7,31,22,288,68,3,72
1640,141,66,38,-6,8,33,353,12,3,76
1641,150,63,34,-7,7,35,241,16,4,95
1642,90,82,40,-7,37,10,231,0,5,62
1643,168,94,32,-7,10,54,178,3,10,71
1644,119,58,73,-7,3,96,259,24,3,66
1645,120,43,51,-10,6,21,309,18,4,67
1646,132,86,61,-9,26,64,243,3,4,56
1647,94,45,36,-10,28,14,271,6,2,69
1648,145,99,64,-7,16,17,378,1,5,56
1649,98,91,53,-4,23,81,178,2,3,75
1650,84,79,10,-4,36,18,277,0,4,55
1651,93,57,58,-8,8,37,235,25,2,57
1652,174,52,81,-14,10,59,213,6,30,45
1653,115,39,62,-12,91,44,196,68,4,57
1654,128,87,55,-4,22,19,322,3,4,59
1655,99,65,59,-9,13,39,245,22,3,58
1656,175,87,37,-5,23,48,259,0,4,71
1657,163,92,33,-4,13,34,290,6,6,63
1658,94,29,74,-13,9,44,195,29,3,70
1659,138,44,50,-8,9,14,406,48,3,63
1660,138,45,49,-12,18,13,254,31,3,62
1661,100,80,79,-6,11,27,319,43,4,64
1662,78,31,51,-10,13,22,223,93,5,47
1663,139,80,76,-6,17,91,258,3,4,60
1664,119,25,54,-12,14,14,250,52,4,52
1665,136,46,53,-6,18,29,266,70,3,64
1666,160,61,28,-8,11,16,290,28,4,54
1667,90,91,86,-6,32,73,284,21,13,69
1668,150,80,29,-5,36,12,448,47,4,63
1669,73,34,44,-13,11,30,219,48,3,58
1670,143,48,66,-9,12,64,191,64,4,73
1671,94,77,53,-6,26,45,212,1,3,24
1672,150,82,55,-9,4,57,217,2,5,60
1673,80,51,65,-10,40,39,241,7,6,80
1674,135,37,24,-8,9,30,251,84,3,66
1675,76,71,52,-7,18,54,264,25,4,67
1676,110,43,60,-10,17,27,336,29,3,49
1677,74,23,45,-13,20,13,291,17,3,70
1678,73,40,41,-8,16,21,259,58,3,49
1679,127,79,77,-10,5,96,266,2,3,74
1680,137,49,76,-11,21,88,257,67,3,46
1681,122,83,59,-6,38,58,325,10,4,45
1682,123,36,30,-9,10,15,240,81,3,58
1683,84,54,77,-7,13,32,280,37,10,72
1684,124,43,42,-12,25,4,300,68,4,44
1685,130,47,80,-9,32,59,344,25,4,58
1686,84,13,21,-14,96,17,272,73,3,31
1687,87,33,52,-14,12,12,267,58,3,61
1688,149,67,29,-9,24,22,255,0,4,68
1689,122,72,40,-9,5,48,258,0,6,71
1690,54,56,36,-6,31,14,230,18,3,29
1691,90,86,53,-3,13,44,443,0,3,46
1692,88,38,42,-12,9,35,257,7,3,72
1693,123,73,72,-6,8,62,333,21,4,56
1694,98,37,48,-15,12,17,277,66,4,40
1695,132,39,35,-10,15,36,153,22,3,60
1696,127,58,79,-10,17,26,527,18,4,55
1697,174,42,53,-12,8,19,411,31,3,62
1698,107,79,75,-5,5,89,221,5,3,74
1699,130,82,55,-7,6,77,240,7,3,57
1700,138,62,63,-7,16,50,225,54,3,58
1701,155,47,34,-11,10,16,237,38,3,59
1702,127,35,53,-15,15,73,193,12,3,57
1703,68,51,33,-9,37,29,215,40,6,53
1704,61,36,34,-11,33,9,312,11,3,50
1705,121,36,57,-10,17,9,236,51,3,55
1706,110,86,77,-6,16,89,173,10,3,80
1707,81,54,56,-9,16,31,207,9,3,32
1708,92,29,77,-17,57,51,299,3,14,74
1709,137,24,61,-16,11,16,331,24,3,53
1710,137,76,60,-11,6,39,243,0,3,67
1711,89,65,87,-5,28,67,305,30,29,76
1712,135,72,27,-10,84,34,455,2,6,35
1713,99,29,49,-8,18,4,317,65,3,37
1714,104,88,80,-7,14,82,281,19,4,70
1715,71,58,39,-7,22,38,295,47,3,63
1716,169,72,41,-8,8,31,189,0,4,54
1717,126,88,58,-7,15,79,253,20,5,49
1718,171,92,36,-6,41,52,357,3,5,78
1719,70,13,35,-14,17,29,161,85,4,48
1720,125,92,64,-6,33,72,234,0,4,67
1721,164,43,26,-13,19,55,198,55,3,77
1722,75,51,36,-9,17,32,264,6,3,74
1723,158,88,41,-6,8,36,251,0,4,77
1724,104,86,53,-5,24,86,291,19,3,46
1725,164,85,25,-7,5,19,387,4,6,67
1726,100,33,43,-9,14,36,206,89,3,49
1727,94,9,48,-18,11,22,256,89,4,65
1728,96,66,64,-6,30,33,264,1,3,60
1729,136,37,53,-12,9,22,284,73,4,54
1730,166,50,40,-12,10,68,257,83,4,68
1731,142,95,53,-5,16,38,280,0,8,64
1732,133,88,49,-5,27,25,396,0,4,55
1733,136,99,61,-5,11,23,343,0,15,65
1734,113,37,47,-5,19,22,160,25,3,55
1735,95,43,48,-8,16,65,153,18,3,75
1736,126,31,45,-8,17,37,250,98,3,53
1737,76,39,26,-11,11,12,229,6,3,71
1738,92,64,56,-8,14,61,234,49,3,42
1739,103,61,71,-14,8,88,195,4,3,44
1740,119,50,75,-9,9,34,258,1,4,63
1741,99,28,43,-12,12,4,280,73,3,75
1742,121,95,70,-4,9,89,192,64,7,50
1743,130,82,68,-6,4,32,335,1,5,66
1744,144,90,43,-4,21,60,279,0,4,51
1745,87,49,59,-8,6,35,283,14,2,35
1746,76,40,34,-9,11,7,291,76,4,47
1747,177,21,49,-11,10,22,179,96,4,42
1748,142,63,76,-10,4,93,181,35,31,45
1749,153,23,38,-12,13,15,225,85,3,61
1750,89,77,41,-8,24,43,388,51,4,31
1751,77,52,44,-9,15,18,305,18,3,64
1752,121,80,96,-5,9,84,430,0,15,70
1753,110,86,33,-7,97,38,319,5,5,57
1754,98,91,51,-7,17,46,206,1,4,33
1755,166,49,38,-12,11,21,211,24,6,50
1756,153,63,57,-9,27,79,300,13,4,76
1757,133,97,51,-4,19,53,305,0,4,61
1758,135,55,44,-8,54,26,347,49,3,66
1759,106,85,54,-6,60,60,299,7,3,59
1760,77,13,44,-19,18,13,239,81,4,51
1761,102,59,59,-7,8,36,278,0,3,42
1762,133,80,52,-6,61,63,257,0,3,58
1763,128,51,57,-13,13,28,435,4,3,43
1764,94,46,56,-7,21,45,270,38,2,49
1765,81,20,37,-14,30,14,205,71,4,47
1766,121,66,38,-5,25,14,299,17,3,76
1767,80,9,46,-15,8,31,282,97,3,62
1768,99,29,27,-10,11,15,244,86,3,58
1769,77,42,62,-9,14,22,331,2,4,69
1770,96,50,92,-10,7,56,194,1,10,46
1771,102,39,48,-11,8,25,340,23,3,51
1772,122,51,48,-10,17,51,242,38,4,54
1773,134,51,41,-9,69,38,257,52,4,39
1774,109,50,27,-9,10,13,266,28,3,50
1775,103,90,35,-6,39,53,256,0,5,73
1776,118,57,68,-9,9,65,313,10,3,35
1777,84,48,50,-8,20,47,190,48,9,50
1778,117,58,73,-8,10,55,268,2,3,40
1779,122,98,71,-7,76,58,255,3,5,51
1780,108,84,72,-5,24,68,238,26,5,63
1781,96,80,22,-6,9,26,291,0,4,37
1782,128,80,57,-8,9,21,281,2,3,45
1783,91,22,69,-15,11,47,233,92,6,39
1784,127,90,56,-6,57,80,267,12,10,50
1785,99,47,87,-10,13,64,234,62,4,40
1786,93,74,67,-8,20,77,282,14,19,61
1787,81,90,39,-7,11,20,255,4,7,60
1788,167,61,24,-8,22,33,258,66,3,68
1789,131,48,30,-12,73,24,231,77,6,44
1790,143,90,72,-4,7,96,189,9,10,72
1791,116,19,56,-13,11,12,321,73,3,53
1792,110,89,60,-9,17,53,323,10,5,44
1793,136,17,54,-13,9,24,238,74,5,11
1794,145,28,81,-15,21,81,206,58,3,44
1795,117,27,39,-14,11,17,275,17,3,56
1796,179,54,45,-7,6,61,266,68,3,62
1797,174,38,44,-11,10,19,263,36,3,37
1798,150,59,44,-7,10,25,266,15,3,50
1799,154,24,50,-12,13,31,272,84,3,61
1800,96,77,59,-3,13,33,330,0,3,81
1801,90,40,62,-10,15,35,254,9,2,57
1802,136,92,47,-4,26,54,235,0,4,74
1803,130,66,44,-8,10,18,270,20,7,75
1804,89,72,60,-5,11,55,216,8,3,77
1805,123,80,46,-3,8,51,255,0,6,78
1806,97,74,57,-6,9,66,258,6,3,62
1807,125,96,46,-5,9,37,261,0,7,44
1808,204,47,24,-8,12,39,205,31,4,62
1809,95,87,60,-7,8,65,256,57,4,18
1810,127,10,34,-16,10,26,205,81,3,41
1811,95,64,30,-8,25,33,241,0,3,54
1812,139,28,49,-12,11,16,237,65,3,61
1813,130,62,77,-8,9,51,217,10,4,41
1814,150,79,34,-6,14,43,264,0,4,56
1815,104,87,73,-6,9,78,200,4,3,80
1816,98,62,60,-7,8,5,265,0,3,45
1817,150,40,45,-12,6,17,332,3,3,24
1818,95,91,92,-2,9,31,162,3,27,70
1819,77,17,50,-16,14,25,263,95,3,38
1820,149,90,43,-5,61,68,167,1,5,79
1821,181,85,15,-5,9,29,268,0,5,48
1822,140,43,44,-10,14,26,269,54,3,44
1823,116,92,61,-4,30,96,295,16,3,70
1824,86,68,87,-6,9,82,268,4,32,72
1825,112,65,58,-8,11,13,286,1,3,52
1826,127,92,63,-5,11,36,290,12,5,65
1827,87,35,27,-9,33,33,180,55,3,74
1828,100,29,40,-14,11,34,182,94,3,78
1829,119,26,67,-14,6,37,147,45,5,77
1830,118,31,65,-9,7,61,180,57,4,77
1831,127,60,62,-9,7,96,179,72,3,73
1832,104,59,66,-8,35,78,158,62,3,71
1833,175,10,38,-21,6,44,165,91,5,69
1834,108,44,50,-10,13,71,169,67,3,57
1835,125,85,48,-9,4,94,155,64,5,74
1836,66,9,36,-18,11,19,187,92,5,59
1837,160,80,49,-10,7,97,174,27,4,71
1838,111,24,60,-17,25,47,217,89,4,65
1839,107,22,53,-14,11,33,185,84,3,75
1840,117,58,30,-7,10,23,271,0,3,69
1841,111,53,69,-10,28,78,156,19,3,58
1842,172,40,39,-8,8,59,192,89,3,69
1843,174,38,21,-10,30,45,191,72,3,66
1844,139,81,59,-6,10,80,154,14,4,69
1845,135,63,42,-7,59,81,245,75,8,53
1846,138,58,65,-8,12,74,164,41,4,66
1847,99,69,60,-11,33,76,206,2,3,46
1848,97,18,33,-12,9,32,126,88,3,78
1849,136,86,72,-8,13,93,223,4,3,77
1850,95,72,48,-7,19,56,370,73,3,71
1851,177,37,43,-12,11,65,125,18,4,69
1852,95,73,53,-8,10,76,140,19,3,73
1853,99,21,34,-17,18,29,218,40,3,70
1854,117,29,58,-13,11,67,162,65,3,67
1855,79,33,40,-9,19,55,174,86,4,74
1856,97,78,41,-9,8,71,199,31,6,71
1857,103,44,69,-11,11,44,146,45,3,74
1858,113,28,33,-11,18,37,165,72,3,53
1859,80,14,22,-15,11,13,267,86,3,62
1860,100,65,53,-9,11,42,179,29,4,53
1861,109,43,72,-12,10,67,186,7,4,47
1862,120,47,46,-10,44,64,149,51,3,62
1863,159,80,46,-9,40,61,202,5,9,78
1864,117,49,52,-8,6,48,173,25,3,72
1865,112,61,55,-10,5,64,162,35,3,76
1866,138,28,58,-9,31,81,127,94,4,71
1867,83,75,39,-7,14,27,215,78,4,57
1868,112,44,55,-14,44,63,187,53,7,75
1869,137,90,60,-7,7,62,219,4,5,65
1870,129,25,34,-16,11,30,190,65,3,63
1871,126,75,57,-5,9,90,180,40,3,61
1872,93,38,49,-12,10,53,150,83,3,65
1873,127,49,73,-14,9,80,222,30,4,64
1874,100,68,51,-8,8,79,185,36,4,58
1875,97,15,52,-20,12,21,174,13,3,66
1876,125,47,60,-8,6,49,211,10,3,67
1877,127,18,56,-15,15,37,123,83,4,48
1878,110,46,49,-9,57,71,208,74,3,62
1879,81,35,48,-10,12,71,120,78,3,63
1880,81,24,54,-17,13,57,167,69,4,63
1881,103,13,59,-15,26,7,202,19,6,64
1882,125,63,39,-7,13,72,153,72,3,72
1883,85,48,20,-5,7,17,269,47,3,68
1884,106,30,35,-12,14,3,703,16,3,61
1885,163,46,36,-14,92,18,337,29,7,67
1886,151,58,49,-11,41,91,183,18,4,79
1887,115,56,81,-5,5,97,148,16,4,73
1888,107,29,55,-13,9,32,151,49,3,69
1889,114,39,63,-10,10,65,182,41,4,45
1890,132,17,41,-16,11,35,229,92,4,66
1891,169,77,35,-6,2,53,210,1,4,71
1892,133,47,40,-8,11,39,219,33,3,71
1893,125,73,41,-6,9,44,430,37,3,72
1894,98,50,39,-12,7,29,247,34,18,70
1895,95,40,54,-11,10,23,341,70,3,62
1896,71,53,52,-8,5,43,146,18,8,69
1897,144,26,36,-11,11,49,179,91,3,58
1898,119,47,70,-9,32,76,130,69,4,70
1899,80,50,50,-11,20,34,201,35,5,63
1900,96,67,45,-9,80,58,123,9,7,65
1901,65,33,31,-9,14,67,208,5,3,69
1902,109,91,53,-5,7,49,171,1,8,72
1903,105,55,52,-11,17,52,196,83,3,63
1904,103,48,40,-8,16,65,230,35,3,68
1905,76,44,31,-7,51,22,258,41,3,50
1906,140,24,70,-13,9,66,158,63,5,65
1907,82,24,55,-14,12,33,413,18,4,37
1908,85,56,40,-11,59,65,276,8,5,65
1909,114,66,60,-13,7,91,139,54,6,41
1910,130,60,66,-11,18,80,152,43,3,80
1911,112,67,50,-6,22,48,179,5,3,53
1912,128,21,38,-12,11,39,215,94,3,63
1913,80,78,53,-6,22,96,167,71,4,73
1914,108,69,51,-7,17,42,194,16,2,66
1915,115,48,68,-13,12,78,250,48,4,74
1916,90,75,42,-10,17,79,146,20,5,72
1917,132,58,50,-9,32,65,175,41,3,69
1918,95,41,54,-13,10,82,185,16,3,62
1919,90,38,42,-13,27,52,182,73,3,66
1920,112,52,46,-9,28,35,256,65,3,45
1921,104,37,77,-11,8,54,164,68,3,73
1922,94,13,69,-14,6,37,138,75,3,74
1923,100,73,39,-8,10,62,272,0,3,60
1924,115,65,45,-9,17,70,285,2,3,70
1925,113,81,44,-6,8,56,241,0,6,77
1926,184,53,41,-9,31,41,206,19,3,43
1927,133,36,59,-14,6,50,217,48,4,75
1928,111,32,65,-9,19,28,167,21,3,69
1929,110,58,55,-13,4,46,298,19,3,74
1930,92,46,61,-14,7,81,244,71,5,76
1931,77,17,27,-21,12,20,139,73,4,68
1932,167,52,18,-8,6,42,222,39,3,48
1933,144,55,63,-9,10,52,274,37,5,72
1934,122,72,62,-10,76,89,176,20,4,48
1935,176,91,21,-7,5,45,313,48,39,67
1936,130,62,44,-11,17,70,517,6,3,56
1937,146,73,44,-12,24,54,213,26,10,67
1938,80,29,26,-10,16,25,198,14,3,59
1939,102,44,48,-14,6,42,148,1,3,57
1940,99,56,45,-9,5,61,191,24,3,43
1941,145,46,31,-9,13,43,188,16,3,66
1942,170,34,25,-16,14,37,450,80,3,36
1943,83,43,48,-6,15,61,157,69,2,67
1944,126,49,51,-10,11,65,180,26,3,69
1945,142,97,48,-7,6,49,163,7,9,66
1946,110,64,52,-6,32,66,180,57,3,59
1947,129,54,56,-10,18,39,186,3,3,82
1948,140,44,30,-13,18,43,319,7,3,73
1949,119,63,63,-8,17,49,271,45,3,76
1950,117,38,49,-11,41,71,261,4,3,72
1951,90,90,41,-12,41,42,334,5,41,76
1952,63,13,53,-16,24,58,204,61,3,78
1953,133,66,64,-8,15,66,141,20,4,80
1954,89,27,40,-17,11,49,167,72,3,63
1955,179,77,51,-6,6,94,142,6,3,77
1956,86,62,32,-10,25,47,449,64,6,67
1957,145,43,31,-11,10,31,312,29,6,69
1958,75,38,40,-7,12,23,277,70,3,73
1959,165,38,53,-12,9,19,260,3,4,79
1960,134,34,40,-11,14,38,182,20,3,72
1961,136,6,32,-22,14,26,191,83,4,50
1962,95,72,27,-6,6,26,320,1,3,42
1963,128,76,69,-6,8,96,188,46,4,59
1964,182,50,40,-11,13,82,149,39,8,61
1965,124,72,54,-9,26,47,181,2,4,69
1966,80,45,39,-10,19,39,240,0,3,46
1967,121,39,72,-17,5,79,187,16,3,60
1968,129,44,54,-9,40,37,215,61,5,44
1969,103,59,47,-10,14,22,202,20,14,41
1970,117,39,68,-16,11,55,315,7,5,59
1971,101,42,48,-10,14,47,197,9,3,44
1972,91,46,55,-9,10,54,325,34,3,60
1973,87,55,27,-10,10,43,386,4,5,63
1974,118,62,48,-10,14,19,320,6,3,43
1975,156,30,40,-15,10,19,249,63,3,57
1976,108,54,86,-9,7,87,166,58,8,73
1977,197,71,31,-9,26,67,151,0,10,34
1978,121,3,31,-22,16,14,261,73,4,64
1979,109,90,43,-5,12,77,190,41,7,68
1980,89,55,38,-9,31,25,263,4,3,36
1981,75,66,40,-10,17,51,413,77,12,50
1982,127,87,41,-6,83,65,1292,0,4,45
1983,129,41,46,-11,28,44,173,5,4,48
1984,154,36,45,-13,20,30,444,47,4,67
1985,95,66,56,-8,14,96,119,65,6,62
1986,167,58,65,-10,7,92,146,41,8,73
1987,119,24,75,-15,9,43,216,83,12,68
1988,168,7,17,-21,14,10,298,92,3,66
1989,94,21,70,-12,11,72,128,84,7,63
1990,175,76,36,-8,76,95,136,73,6,69
1991,168,80,53,-9,31,97,162,74,7,74
1992,174,26,45,-13,7,60,324,54,4,65
1993,133,50,49,-10,16,83,148,74,3,56
